--------------------------------------------------------
--  파일이 생성됨 - 월요일-2월-01-2021   
--------------------------------------------------------
DROP SEQUENCE "XE"."SEQ_BNO";
DROP SEQUENCE "XE"."SEQ_RNO";
DROP TABLE "XE"."TBL_ATTACH" cascade constraints;
DROP TABLE "XE"."TBL_BOARD" cascade constraints;
DROP TABLE "XE"."TBL_BOARD_TYPE" cascade constraints;
DROP TABLE "XE"."TBL_MEMBER" cascade constraints;
DROP TABLE "XE"."TBL_REPLY" cascade constraints;
DROP PROCEDURE "XE"."PROC_BOARD_INSERT";
DROP PROCEDURE "XE"."PROC_MEMBER_INSERT";
DROP FUNCTION "XE"."CUSTOM_AUTH";
DROP FUNCTION "XE"."CUSTOM_HASH";
--------------------------------------------------------
--  DDL for Sequence SEQ_BNO
--------------------------------------------------------

   CREATE SEQUENCE  "XE"."SEQ_BNO"  MINVALUE 1 MAXVALUE 9999999999999999999999999999 INCREMENT BY 1 START WITH 101 CACHE 20 NOORDER  NOCYCLE ;
--------------------------------------------------------
--  DDL for Sequence SEQ_RNO
--------------------------------------------------------

   CREATE SEQUENCE  "XE"."SEQ_RNO"  MINVALUE 1 MAXVALUE 9999999999999999999999999999 INCREMENT BY 1 START WITH 1 CACHE 20 NOORDER  NOCYCLE ;
--------------------------------------------------------
--  DDL for Table TBL_ATTACH
--------------------------------------------------------

  CREATE TABLE "XE"."TBL_ATTACH" 
   (	"SAVE_FILE_NAME" VARCHAR2(255 BYTE), 
	"REAL_FILE_NAME" VARCHAR2(255 BYTE), 
	"REG_DATE" TIMESTAMP (6), 
	"BNO" NUMBER(11,0)
   ) SEGMENT CREATION IMMEDIATE 
  PCTFREE 10 PCTUSED 40 INITRANS 1 MAXTRANS 255 NOCOMPRESS LOGGING
  STORAGE(INITIAL 65536 NEXT 1048576 MINEXTENTS 1 MAXEXTENTS 2147483645
  PCTINCREASE 0 FREELISTS 1 FREELIST GROUPS 1 BUFFER_POOL DEFAULT FLASH_CACHE DEFAULT CELL_FLASH_CACHE DEFAULT)
  TABLESPACE "USERS" ;

   COMMENT ON COLUMN "XE"."TBL_ATTACH"."SAVE_FILE_NAME" IS 'UUID로 만들어지는 폴더에 저장되는 파일 이름';
   COMMENT ON COLUMN "XE"."TBL_ATTACH"."REAL_FILE_NAME" IS '한글 파일명';
   COMMENT ON COLUMN "XE"."TBL_ATTACH"."REG_DATE" IS '등록일시';
   COMMENT ON COLUMN "XE"."TBL_ATTACH"."BNO" IS '부모 테이블 게시물 일련 번호';
--------------------------------------------------------
--  DDL for Table TBL_BOARD
--------------------------------------------------------

  CREATE TABLE "XE"."TBL_BOARD" 
   (	"BNO" NUMBER(11,0), 
	"BOARD_TYPE" VARCHAR2(20 BYTE), 
	"TITLE" VARCHAR2(200 BYTE), 
	"CONTENT" CLOB, 
	"WRITER" VARCHAR2(50 BYTE), 
	"VIEW_COUNT" NUMBER(11,0), 
	"REPLY_COUNT" NUMBER(11,0), 
	"REG_DATE" TIMESTAMP (6), 
	"UPDATE_DATE" DATE
   ) SEGMENT CREATION IMMEDIATE 
  PCTFREE 10 PCTUSED 40 INITRANS 1 MAXTRANS 255 NOCOMPRESS LOGGING
  STORAGE(INITIAL 65536 NEXT 1048576 MINEXTENTS 1 MAXEXTENTS 2147483645
  PCTINCREASE 0 FREELISTS 1 FREELIST GROUPS 1 BUFFER_POOL DEFAULT FLASH_CACHE DEFAULT CELL_FLASH_CACHE DEFAULT)
  TABLESPACE "USERS" 
 LOB ("CONTENT") STORE AS BASICFILE (
  TABLESPACE "USERS" ENABLE STORAGE IN ROW CHUNK 8192 RETENTION 
  NOCACHE LOGGING 
  STORAGE(INITIAL 65536 NEXT 1048576 MINEXTENTS 1 MAXEXTENTS 2147483645
  PCTINCREASE 0 FREELISTS 1 FREELIST GROUPS 1 BUFFER_POOL DEFAULT FLASH_CACHE DEFAULT CELL_FLASH_CACHE DEFAULT)) ;

   COMMENT ON COLUMN "XE"."TBL_BOARD"."BNO" IS '게시글 일련 번호';
   COMMENT ON COLUMN "XE"."TBL_BOARD"."BOARD_TYPE" IS '게시판 종류';
   COMMENT ON COLUMN "XE"."TBL_BOARD"."TITLE" IS '게시글 제목';
   COMMENT ON COLUMN "XE"."TBL_BOARD"."CONTENT" IS '게시글 내용';
   COMMENT ON COLUMN "XE"."TBL_BOARD"."WRITER" IS '게시글 작성자';
   COMMENT ON COLUMN "XE"."TBL_BOARD"."VIEW_COUNT" IS '조회수';
   COMMENT ON COLUMN "XE"."TBL_BOARD"."REPLY_COUNT" IS '댓글수';
   COMMENT ON COLUMN "XE"."TBL_BOARD"."REG_DATE" IS '등록일시';
   COMMENT ON COLUMN "XE"."TBL_BOARD"."UPDATE_DATE" IS '수정일시';
--------------------------------------------------------
--  DDL for Table TBL_BOARD_TYPE
--------------------------------------------------------

  CREATE TABLE "XE"."TBL_BOARD_TYPE" 
   (	"BOARD_TYPE" VARCHAR2(45 BYTE), 
	"BOARD_NAME" VARCHAR2(45 BYTE), 
	"BOARD_SUN" NUMBER
   ) SEGMENT CREATION IMMEDIATE 
  PCTFREE 10 PCTUSED 40 INITRANS 1 MAXTRANS 255 NOCOMPRESS LOGGING
  STORAGE(INITIAL 65536 NEXT 1048576 MINEXTENTS 1 MAXEXTENTS 2147483645
  PCTINCREASE 0 FREELISTS 1 FREELIST GROUPS 1 BUFFER_POOL DEFAULT FLASH_CACHE DEFAULT CELL_FLASH_CACHE DEFAULT)
  TABLESPACE "USERS" ;

   COMMENT ON COLUMN "XE"."TBL_BOARD_TYPE"."BOARD_TYPE" IS '게시판 타입ex. notice, gallery, QnA';
   COMMENT ON COLUMN "XE"."TBL_BOARD_TYPE"."BOARD_NAME" IS '게시판 이름 ex. 공지사항, 갤러리';
   COMMENT ON COLUMN "XE"."TBL_BOARD_TYPE"."BOARD_SUN" IS '게시판 출력 순서';
--------------------------------------------------------
--  DDL for Table TBL_MEMBER
--------------------------------------------------------

  CREATE TABLE "XE"."TBL_MEMBER" 
   (	"USER_ID" VARCHAR2(50 BYTE), 
	"USER_PW" VARCHAR2(255 BYTE), 
	"USER_NAME" VARCHAR2(50 BYTE), 
	"EMAIL" VARCHAR2(100 BYTE), 
	"POINT" NUMBER(11,0), 
	"ENABLED" NUMBER(1,0), 
	"LEVELS" VARCHAR2(50 BYTE), 
	"REG_DATE" TIMESTAMP (6), 
	"UPDATE_DATE" TIMESTAMP (6)
   ) SEGMENT CREATION IMMEDIATE 
  PCTFREE 10 PCTUSED 40 INITRANS 1 MAXTRANS 255 NOCOMPRESS LOGGING
  STORAGE(INITIAL 65536 NEXT 1048576 MINEXTENTS 1 MAXEXTENTS 2147483645
  PCTINCREASE 0 FREELISTS 1 FREELIST GROUPS 1 BUFFER_POOL DEFAULT FLASH_CACHE DEFAULT CELL_FLASH_CACHE DEFAULT)
  TABLESPACE "USERS" ;

   COMMENT ON COLUMN "XE"."TBL_MEMBER"."USER_ID" IS '사용자 아이디';
   COMMENT ON COLUMN "XE"."TBL_MEMBER"."USER_PW" IS '사용자 비밀번호';
   COMMENT ON COLUMN "XE"."TBL_MEMBER"."USER_NAME" IS '사용자명';
   COMMENT ON COLUMN "XE"."TBL_MEMBER"."EMAIL" IS '이메일';
   COMMENT ON COLUMN "XE"."TBL_MEMBER"."POINT" IS '포인트';
   COMMENT ON COLUMN "XE"."TBL_MEMBER"."ENABLED" IS 'Spring Security 인증 결과';
   COMMENT ON COLUMN "XE"."TBL_MEMBER"."LEVELS" IS 'Spring Security 권한 체크';
   COMMENT ON COLUMN "XE"."TBL_MEMBER"."REG_DATE" IS '등록일시';
   COMMENT ON COLUMN "XE"."TBL_MEMBER"."UPDATE_DATE" IS '수정일시';
--------------------------------------------------------
--  DDL for Table TBL_REPLY
--------------------------------------------------------

  CREATE TABLE "XE"."TBL_REPLY" 
   (	"RNO" NUMBER(11,0), 
	"REPLY_TEXT" VARCHAR2(1000 BYTE), 
	"REPLYER" VARCHAR2(50 BYTE), 
	"REG_DATE" TIMESTAMP (6), 
	"UPDATE_DATE" TIMESTAMP (6), 
	"BNO" NUMBER(11,0)
   ) SEGMENT CREATION IMMEDIATE 
  PCTFREE 10 PCTUSED 40 INITRANS 1 MAXTRANS 255 NOCOMPRESS LOGGING
  STORAGE(INITIAL 65536 NEXT 1048576 MINEXTENTS 1 MAXEXTENTS 2147483645
  PCTINCREASE 0 FREELISTS 1 FREELIST GROUPS 1 BUFFER_POOL DEFAULT FLASH_CACHE DEFAULT CELL_FLASH_CACHE DEFAULT)
  TABLESPACE "USERS" ;

   COMMENT ON COLUMN "XE"."TBL_REPLY"."RNO" IS '댓글 일련 번호';
   COMMENT ON COLUMN "XE"."TBL_REPLY"."REPLY_TEXT" IS '댓글 내용';
   COMMENT ON COLUMN "XE"."TBL_REPLY"."REPLYER" IS '댓글 작성자';
   COMMENT ON COLUMN "XE"."TBL_REPLY"."REG_DATE" IS '등록일시';
   COMMENT ON COLUMN "XE"."TBL_REPLY"."UPDATE_DATE" IS '수정일시';
   COMMENT ON COLUMN "XE"."TBL_REPLY"."BNO" IS '부모 테이블 게시물 일련 번호';
REM INSERTING into XE.TBL_ATTACH
SET DEFINE OFF;
REM INSERTING into XE.TBL_BOARD
SET DEFINE OFF;
Insert into XE.TBL_BOARD (BNO,BOARD_TYPE,TITLE,WRITER,VIEW_COUNT,REPLY_COUNT,REG_DATE,UPDATE_DATE) values (53,'gallery','갤러리 게시물 테스트','관리자',null,null,to_timestamp('21/02/01 10:51:39.000000000','RR/MM/DD HH24:MI:SSXFF'),to_date('21/02/01','RR/MM/DD'));
Insert into XE.TBL_BOARD (BNO,BOARD_TYPE,TITLE,WRITER,VIEW_COUNT,REPLY_COUNT,REG_DATE,UPDATE_DATE) values (54,'gallery','갤러리 게시물 테스트','관리자',null,null,to_timestamp('21/02/01 10:51:40.000000000','RR/MM/DD HH24:MI:SSXFF'),to_date('21/02/01','RR/MM/DD'));
Insert into XE.TBL_BOARD (BNO,BOARD_TYPE,TITLE,WRITER,VIEW_COUNT,REPLY_COUNT,REG_DATE,UPDATE_DATE) values (1,'notice','공지사항 게시물 테스트','관리자',null,null,to_timestamp('21/02/01 10:50:47.000000000','RR/MM/DD HH24:MI:SSXFF'),to_date('21/02/01','RR/MM/DD'));
Insert into XE.TBL_BOARD (BNO,BOARD_TYPE,TITLE,WRITER,VIEW_COUNT,REPLY_COUNT,REG_DATE,UPDATE_DATE) values (2,'notice','공지사항 게시물 테스트','관리자',null,null,to_timestamp('21/02/01 10:50:48.000000000','RR/MM/DD HH24:MI:SSXFF'),to_date('21/02/01','RR/MM/DD'));
Insert into XE.TBL_BOARD (BNO,BOARD_TYPE,TITLE,WRITER,VIEW_COUNT,REPLY_COUNT,REG_DATE,UPDATE_DATE) values (3,'notice','공지사항 게시물 테스트','관리자',null,null,to_timestamp('21/02/01 10:50:49.000000000','RR/MM/DD HH24:MI:SSXFF'),to_date('21/02/01','RR/MM/DD'));
Insert into XE.TBL_BOARD (BNO,BOARD_TYPE,TITLE,WRITER,VIEW_COUNT,REPLY_COUNT,REG_DATE,UPDATE_DATE) values (4,'notice','공지사항 게시물 테스트','관리자',null,null,to_timestamp('21/02/01 10:50:50.000000000','RR/MM/DD HH24:MI:SSXFF'),to_date('21/02/01','RR/MM/DD'));
Insert into XE.TBL_BOARD (BNO,BOARD_TYPE,TITLE,WRITER,VIEW_COUNT,REPLY_COUNT,REG_DATE,UPDATE_DATE) values (5,'notice','공지사항 게시물 테스트','관리자',null,null,to_timestamp('21/02/01 10:50:51.000000000','RR/MM/DD HH24:MI:SSXFF'),to_date('21/02/01','RR/MM/DD'));
Insert into XE.TBL_BOARD (BNO,BOARD_TYPE,TITLE,WRITER,VIEW_COUNT,REPLY_COUNT,REG_DATE,UPDATE_DATE) values (6,'notice','공지사항 게시물 테스트','관리자',null,null,to_timestamp('21/02/01 10:50:52.000000000','RR/MM/DD HH24:MI:SSXFF'),to_date('21/02/01','RR/MM/DD'));
Insert into XE.TBL_BOARD (BNO,BOARD_TYPE,TITLE,WRITER,VIEW_COUNT,REPLY_COUNT,REG_DATE,UPDATE_DATE) values (7,'notice','공지사항 게시물 테스트','관리자',null,null,to_timestamp('21/02/01 10:50:53.000000000','RR/MM/DD HH24:MI:SSXFF'),to_date('21/02/01','RR/MM/DD'));
Insert into XE.TBL_BOARD (BNO,BOARD_TYPE,TITLE,WRITER,VIEW_COUNT,REPLY_COUNT,REG_DATE,UPDATE_DATE) values (8,'notice','공지사항 게시물 테스트','관리자',null,null,to_timestamp('21/02/01 10:50:54.000000000','RR/MM/DD HH24:MI:SSXFF'),to_date('21/02/01','RR/MM/DD'));
Insert into XE.TBL_BOARD (BNO,BOARD_TYPE,TITLE,WRITER,VIEW_COUNT,REPLY_COUNT,REG_DATE,UPDATE_DATE) values (9,'notice','공지사항 게시물 테스트','관리자',null,null,to_timestamp('21/02/01 10:50:55.000000000','RR/MM/DD HH24:MI:SSXFF'),to_date('21/02/01','RR/MM/DD'));
Insert into XE.TBL_BOARD (BNO,BOARD_TYPE,TITLE,WRITER,VIEW_COUNT,REPLY_COUNT,REG_DATE,UPDATE_DATE) values (10,'notice','공지사항 게시물 테스트','관리자',null,null,to_timestamp('21/02/01 10:50:56.000000000','RR/MM/DD HH24:MI:SSXFF'),to_date('21/02/01','RR/MM/DD'));
Insert into XE.TBL_BOARD (BNO,BOARD_TYPE,TITLE,WRITER,VIEW_COUNT,REPLY_COUNT,REG_DATE,UPDATE_DATE) values (11,'notice','공지사항 게시물 테스트','관리자',null,null,to_timestamp('21/02/01 10:50:57.000000000','RR/MM/DD HH24:MI:SSXFF'),to_date('21/02/01','RR/MM/DD'));
Insert into XE.TBL_BOARD (BNO,BOARD_TYPE,TITLE,WRITER,VIEW_COUNT,REPLY_COUNT,REG_DATE,UPDATE_DATE) values (12,'notice','공지사항 게시물 테스트','관리자',null,null,to_timestamp('21/02/01 10:50:58.000000000','RR/MM/DD HH24:MI:SSXFF'),to_date('21/02/01','RR/MM/DD'));
Insert into XE.TBL_BOARD (BNO,BOARD_TYPE,TITLE,WRITER,VIEW_COUNT,REPLY_COUNT,REG_DATE,UPDATE_DATE) values (13,'notice','공지사항 게시물 테스트','관리자',null,null,to_timestamp('21/02/01 10:50:59.000000000','RR/MM/DD HH24:MI:SSXFF'),to_date('21/02/01','RR/MM/DD'));
Insert into XE.TBL_BOARD (BNO,BOARD_TYPE,TITLE,WRITER,VIEW_COUNT,REPLY_COUNT,REG_DATE,UPDATE_DATE) values (14,'notice','공지사항 게시물 테스트','관리자',null,null,to_timestamp('21/02/01 10:51:00.000000000','RR/MM/DD HH24:MI:SSXFF'),to_date('21/02/01','RR/MM/DD'));
Insert into XE.TBL_BOARD (BNO,BOARD_TYPE,TITLE,WRITER,VIEW_COUNT,REPLY_COUNT,REG_DATE,UPDATE_DATE) values (15,'notice','공지사항 게시물 테스트','관리자',null,null,to_timestamp('21/02/01 10:51:01.000000000','RR/MM/DD HH24:MI:SSXFF'),to_date('21/02/01','RR/MM/DD'));
Insert into XE.TBL_BOARD (BNO,BOARD_TYPE,TITLE,WRITER,VIEW_COUNT,REPLY_COUNT,REG_DATE,UPDATE_DATE) values (16,'notice','공지사항 게시물 테스트','관리자',null,null,to_timestamp('21/02/01 10:51:02.000000000','RR/MM/DD HH24:MI:SSXFF'),to_date('21/02/01','RR/MM/DD'));
Insert into XE.TBL_BOARD (BNO,BOARD_TYPE,TITLE,WRITER,VIEW_COUNT,REPLY_COUNT,REG_DATE,UPDATE_DATE) values (17,'notice','공지사항 게시물 테스트','관리자',null,null,to_timestamp('21/02/01 10:51:03.000000000','RR/MM/DD HH24:MI:SSXFF'),to_date('21/02/01','RR/MM/DD'));
Insert into XE.TBL_BOARD (BNO,BOARD_TYPE,TITLE,WRITER,VIEW_COUNT,REPLY_COUNT,REG_DATE,UPDATE_DATE) values (18,'notice','공지사항 게시물 테스트','관리자',null,null,to_timestamp('21/02/01 10:51:04.000000000','RR/MM/DD HH24:MI:SSXFF'),to_date('21/02/01','RR/MM/DD'));
Insert into XE.TBL_BOARD (BNO,BOARD_TYPE,TITLE,WRITER,VIEW_COUNT,REPLY_COUNT,REG_DATE,UPDATE_DATE) values (19,'notice','공지사항 게시물 테스트','관리자',null,null,to_timestamp('21/02/01 10:51:05.000000000','RR/MM/DD HH24:MI:SSXFF'),to_date('21/02/01','RR/MM/DD'));
Insert into XE.TBL_BOARD (BNO,BOARD_TYPE,TITLE,WRITER,VIEW_COUNT,REPLY_COUNT,REG_DATE,UPDATE_DATE) values (20,'notice','공지사항 게시물 테스트','관리자',null,null,to_timestamp('21/02/01 10:51:06.000000000','RR/MM/DD HH24:MI:SSXFF'),to_date('21/02/01','RR/MM/DD'));
Insert into XE.TBL_BOARD (BNO,BOARD_TYPE,TITLE,WRITER,VIEW_COUNT,REPLY_COUNT,REG_DATE,UPDATE_DATE) values (21,'notice','공지사항 게시물 테스트','관리자',null,null,to_timestamp('21/02/01 10:51:07.000000000','RR/MM/DD HH24:MI:SSXFF'),to_date('21/02/01','RR/MM/DD'));
Insert into XE.TBL_BOARD (BNO,BOARD_TYPE,TITLE,WRITER,VIEW_COUNT,REPLY_COUNT,REG_DATE,UPDATE_DATE) values (22,'notice','공지사항 게시물 테스트','관리자',null,null,to_timestamp('21/02/01 10:51:08.000000000','RR/MM/DD HH24:MI:SSXFF'),to_date('21/02/01','RR/MM/DD'));
Insert into XE.TBL_BOARD (BNO,BOARD_TYPE,TITLE,WRITER,VIEW_COUNT,REPLY_COUNT,REG_DATE,UPDATE_DATE) values (23,'notice','공지사항 게시물 테스트','관리자',null,null,to_timestamp('21/02/01 10:51:09.000000000','RR/MM/DD HH24:MI:SSXFF'),to_date('21/02/01','RR/MM/DD'));
Insert into XE.TBL_BOARD (BNO,BOARD_TYPE,TITLE,WRITER,VIEW_COUNT,REPLY_COUNT,REG_DATE,UPDATE_DATE) values (24,'notice','공지사항 게시물 테스트','관리자',null,null,to_timestamp('21/02/01 10:51:10.000000000','RR/MM/DD HH24:MI:SSXFF'),to_date('21/02/01','RR/MM/DD'));
Insert into XE.TBL_BOARD (BNO,BOARD_TYPE,TITLE,WRITER,VIEW_COUNT,REPLY_COUNT,REG_DATE,UPDATE_DATE) values (25,'notice','공지사항 게시물 테스트','관리자',null,null,to_timestamp('21/02/01 10:51:11.000000000','RR/MM/DD HH24:MI:SSXFF'),to_date('21/02/01','RR/MM/DD'));
Insert into XE.TBL_BOARD (BNO,BOARD_TYPE,TITLE,WRITER,VIEW_COUNT,REPLY_COUNT,REG_DATE,UPDATE_DATE) values (26,'notice','공지사항 게시물 테스트','관리자',null,null,to_timestamp('21/02/01 10:51:12.000000000','RR/MM/DD HH24:MI:SSXFF'),to_date('21/02/01','RR/MM/DD'));
Insert into XE.TBL_BOARD (BNO,BOARD_TYPE,TITLE,WRITER,VIEW_COUNT,REPLY_COUNT,REG_DATE,UPDATE_DATE) values (27,'notice','공지사항 게시물 테스트','관리자',null,null,to_timestamp('21/02/01 10:51:13.000000000','RR/MM/DD HH24:MI:SSXFF'),to_date('21/02/01','RR/MM/DD'));
Insert into XE.TBL_BOARD (BNO,BOARD_TYPE,TITLE,WRITER,VIEW_COUNT,REPLY_COUNT,REG_DATE,UPDATE_DATE) values (28,'notice','공지사항 게시물 테스트','관리자',null,null,to_timestamp('21/02/01 10:51:14.000000000','RR/MM/DD HH24:MI:SSXFF'),to_date('21/02/01','RR/MM/DD'));
Insert into XE.TBL_BOARD (BNO,BOARD_TYPE,TITLE,WRITER,VIEW_COUNT,REPLY_COUNT,REG_DATE,UPDATE_DATE) values (29,'notice','공지사항 게시물 테스트','관리자',null,null,to_timestamp('21/02/01 10:51:15.000000000','RR/MM/DD HH24:MI:SSXFF'),to_date('21/02/01','RR/MM/DD'));
Insert into XE.TBL_BOARD (BNO,BOARD_TYPE,TITLE,WRITER,VIEW_COUNT,REPLY_COUNT,REG_DATE,UPDATE_DATE) values (30,'notice','공지사항 게시물 테스트','관리자',null,null,to_timestamp('21/02/01 10:51:16.000000000','RR/MM/DD HH24:MI:SSXFF'),to_date('21/02/01','RR/MM/DD'));
Insert into XE.TBL_BOARD (BNO,BOARD_TYPE,TITLE,WRITER,VIEW_COUNT,REPLY_COUNT,REG_DATE,UPDATE_DATE) values (31,'notice','공지사항 게시물 테스트','관리자',null,null,to_timestamp('21/02/01 10:51:17.000000000','RR/MM/DD HH24:MI:SSXFF'),to_date('21/02/01','RR/MM/DD'));
Insert into XE.TBL_BOARD (BNO,BOARD_TYPE,TITLE,WRITER,VIEW_COUNT,REPLY_COUNT,REG_DATE,UPDATE_DATE) values (32,'notice','공지사항 게시물 테스트','관리자',null,null,to_timestamp('21/02/01 10:51:18.000000000','RR/MM/DD HH24:MI:SSXFF'),to_date('21/02/01','RR/MM/DD'));
Insert into XE.TBL_BOARD (BNO,BOARD_TYPE,TITLE,WRITER,VIEW_COUNT,REPLY_COUNT,REG_DATE,UPDATE_DATE) values (33,'notice','공지사항 게시물 테스트','관리자',null,null,to_timestamp('21/02/01 10:51:19.000000000','RR/MM/DD HH24:MI:SSXFF'),to_date('21/02/01','RR/MM/DD'));
Insert into XE.TBL_BOARD (BNO,BOARD_TYPE,TITLE,WRITER,VIEW_COUNT,REPLY_COUNT,REG_DATE,UPDATE_DATE) values (34,'notice','공지사항 게시물 테스트','관리자',null,null,to_timestamp('21/02/01 10:51:20.000000000','RR/MM/DD HH24:MI:SSXFF'),to_date('21/02/01','RR/MM/DD'));
Insert into XE.TBL_BOARD (BNO,BOARD_TYPE,TITLE,WRITER,VIEW_COUNT,REPLY_COUNT,REG_DATE,UPDATE_DATE) values (35,'notice','공지사항 게시물 테스트','관리자',null,null,to_timestamp('21/02/01 10:51:21.000000000','RR/MM/DD HH24:MI:SSXFF'),to_date('21/02/01','RR/MM/DD'));
Insert into XE.TBL_BOARD (BNO,BOARD_TYPE,TITLE,WRITER,VIEW_COUNT,REPLY_COUNT,REG_DATE,UPDATE_DATE) values (36,'notice','공지사항 게시물 테스트','관리자',null,null,to_timestamp('21/02/01 10:51:22.000000000','RR/MM/DD HH24:MI:SSXFF'),to_date('21/02/01','RR/MM/DD'));
Insert into XE.TBL_BOARD (BNO,BOARD_TYPE,TITLE,WRITER,VIEW_COUNT,REPLY_COUNT,REG_DATE,UPDATE_DATE) values (37,'notice','공지사항 게시물 테스트','관리자',null,null,to_timestamp('21/02/01 10:51:23.000000000','RR/MM/DD HH24:MI:SSXFF'),to_date('21/02/01','RR/MM/DD'));
Insert into XE.TBL_BOARD (BNO,BOARD_TYPE,TITLE,WRITER,VIEW_COUNT,REPLY_COUNT,REG_DATE,UPDATE_DATE) values (38,'notice','공지사항 게시물 테스트','관리자',null,null,to_timestamp('21/02/01 10:51:24.000000000','RR/MM/DD HH24:MI:SSXFF'),to_date('21/02/01','RR/MM/DD'));
Insert into XE.TBL_BOARD (BNO,BOARD_TYPE,TITLE,WRITER,VIEW_COUNT,REPLY_COUNT,REG_DATE,UPDATE_DATE) values (39,'notice','공지사항 게시물 테스트','관리자',null,null,to_timestamp('21/02/01 10:51:25.000000000','RR/MM/DD HH24:MI:SSXFF'),to_date('21/02/01','RR/MM/DD'));
Insert into XE.TBL_BOARD (BNO,BOARD_TYPE,TITLE,WRITER,VIEW_COUNT,REPLY_COUNT,REG_DATE,UPDATE_DATE) values (40,'notice','공지사항 게시물 테스트','관리자',null,null,to_timestamp('21/02/01 10:51:26.000000000','RR/MM/DD HH24:MI:SSXFF'),to_date('21/02/01','RR/MM/DD'));
Insert into XE.TBL_BOARD (BNO,BOARD_TYPE,TITLE,WRITER,VIEW_COUNT,REPLY_COUNT,REG_DATE,UPDATE_DATE) values (41,'notice','공지사항 게시물 테스트','관리자',null,null,to_timestamp('21/02/01 10:51:27.000000000','RR/MM/DD HH24:MI:SSXFF'),to_date('21/02/01','RR/MM/DD'));
Insert into XE.TBL_BOARD (BNO,BOARD_TYPE,TITLE,WRITER,VIEW_COUNT,REPLY_COUNT,REG_DATE,UPDATE_DATE) values (42,'notice','공지사항 게시물 테스트','관리자',null,null,to_timestamp('21/02/01 10:51:28.000000000','RR/MM/DD HH24:MI:SSXFF'),to_date('21/02/01','RR/MM/DD'));
Insert into XE.TBL_BOARD (BNO,BOARD_TYPE,TITLE,WRITER,VIEW_COUNT,REPLY_COUNT,REG_DATE,UPDATE_DATE) values (43,'notice','공지사항 게시물 테스트','관리자',null,null,to_timestamp('21/02/01 10:51:29.000000000','RR/MM/DD HH24:MI:SSXFF'),to_date('21/02/01','RR/MM/DD'));
Insert into XE.TBL_BOARD (BNO,BOARD_TYPE,TITLE,WRITER,VIEW_COUNT,REPLY_COUNT,REG_DATE,UPDATE_DATE) values (44,'notice','공지사항 게시물 테스트','관리자',null,null,to_timestamp('21/02/01 10:51:30.000000000','RR/MM/DD HH24:MI:SSXFF'),to_date('21/02/01','RR/MM/DD'));
Insert into XE.TBL_BOARD (BNO,BOARD_TYPE,TITLE,WRITER,VIEW_COUNT,REPLY_COUNT,REG_DATE,UPDATE_DATE) values (45,'notice','공지사항 게시물 테스트','관리자',null,null,to_timestamp('21/02/01 10:51:31.000000000','RR/MM/DD HH24:MI:SSXFF'),to_date('21/02/01','RR/MM/DD'));
Insert into XE.TBL_BOARD (BNO,BOARD_TYPE,TITLE,WRITER,VIEW_COUNT,REPLY_COUNT,REG_DATE,UPDATE_DATE) values (46,'notice','공지사항 게시물 테스트','관리자',null,null,to_timestamp('21/02/01 10:51:32.000000000','RR/MM/DD HH24:MI:SSXFF'),to_date('21/02/01','RR/MM/DD'));
Insert into XE.TBL_BOARD (BNO,BOARD_TYPE,TITLE,WRITER,VIEW_COUNT,REPLY_COUNT,REG_DATE,UPDATE_DATE) values (47,'notice','공지사항 게시물 테스트','관리자',null,null,to_timestamp('21/02/01 10:51:33.000000000','RR/MM/DD HH24:MI:SSXFF'),to_date('21/02/01','RR/MM/DD'));
Insert into XE.TBL_BOARD (BNO,BOARD_TYPE,TITLE,WRITER,VIEW_COUNT,REPLY_COUNT,REG_DATE,UPDATE_DATE) values (48,'notice','공지사항 게시물 테스트','관리자',null,null,to_timestamp('21/02/01 10:51:34.000000000','RR/MM/DD HH24:MI:SSXFF'),to_date('21/02/01','RR/MM/DD'));
Insert into XE.TBL_BOARD (BNO,BOARD_TYPE,TITLE,WRITER,VIEW_COUNT,REPLY_COUNT,REG_DATE,UPDATE_DATE) values (49,'notice','공지사항 게시물 테스트','관리자',null,null,to_timestamp('21/02/01 10:51:35.000000000','RR/MM/DD HH24:MI:SSXFF'),to_date('21/02/01','RR/MM/DD'));
Insert into XE.TBL_BOARD (BNO,BOARD_TYPE,TITLE,WRITER,VIEW_COUNT,REPLY_COUNT,REG_DATE,UPDATE_DATE) values (50,'notice','공지사항 게시물 테스트','관리자',null,null,to_timestamp('21/02/01 10:51:36.000000000','RR/MM/DD HH24:MI:SSXFF'),to_date('21/02/01','RR/MM/DD'));
Insert into XE.TBL_BOARD (BNO,BOARD_TYPE,TITLE,WRITER,VIEW_COUNT,REPLY_COUNT,REG_DATE,UPDATE_DATE) values (51,'gallery','갤러리 게시물 테스트','관리자',null,null,to_timestamp('21/02/01 10:51:37.000000000','RR/MM/DD HH24:MI:SSXFF'),to_date('21/02/01','RR/MM/DD'));
Insert into XE.TBL_BOARD (BNO,BOARD_TYPE,TITLE,WRITER,VIEW_COUNT,REPLY_COUNT,REG_DATE,UPDATE_DATE) values (52,'gallery','갤러리 게시물 테스트','관리자',null,null,to_timestamp('21/02/01 10:51:38.000000000','RR/MM/DD HH24:MI:SSXFF'),to_date('21/02/01','RR/MM/DD'));
Insert into XE.TBL_BOARD (BNO,BOARD_TYPE,TITLE,WRITER,VIEW_COUNT,REPLY_COUNT,REG_DATE,UPDATE_DATE) values (60,'gallery','갤러리 게시물 테스트','관리자',null,null,to_timestamp('21/02/01 10:51:46.000000000','RR/MM/DD HH24:MI:SSXFF'),to_date('21/02/01','RR/MM/DD'));
Insert into XE.TBL_BOARD (BNO,BOARD_TYPE,TITLE,WRITER,VIEW_COUNT,REPLY_COUNT,REG_DATE,UPDATE_DATE) values (61,'gallery','갤러리 게시물 테스트','관리자',null,null,to_timestamp('21/02/01 10:51:47.000000000','RR/MM/DD HH24:MI:SSXFF'),to_date('21/02/01','RR/MM/DD'));
Insert into XE.TBL_BOARD (BNO,BOARD_TYPE,TITLE,WRITER,VIEW_COUNT,REPLY_COUNT,REG_DATE,UPDATE_DATE) values (62,'gallery','갤러리 게시물 테스트','관리자',null,null,to_timestamp('21/02/01 10:51:48.000000000','RR/MM/DD HH24:MI:SSXFF'),to_date('21/02/01','RR/MM/DD'));
Insert into XE.TBL_BOARD (BNO,BOARD_TYPE,TITLE,WRITER,VIEW_COUNT,REPLY_COUNT,REG_DATE,UPDATE_DATE) values (63,'gallery','갤러리 게시물 테스트','관리자',null,null,to_timestamp('21/02/01 10:51:49.000000000','RR/MM/DD HH24:MI:SSXFF'),to_date('21/02/01','RR/MM/DD'));
Insert into XE.TBL_BOARD (BNO,BOARD_TYPE,TITLE,WRITER,VIEW_COUNT,REPLY_COUNT,REG_DATE,UPDATE_DATE) values (64,'gallery','갤러리 게시물 테스트','관리자',null,null,to_timestamp('21/02/01 10:51:50.000000000','RR/MM/DD HH24:MI:SSXFF'),to_date('21/02/01','RR/MM/DD'));
Insert into XE.TBL_BOARD (BNO,BOARD_TYPE,TITLE,WRITER,VIEW_COUNT,REPLY_COUNT,REG_DATE,UPDATE_DATE) values (65,'gallery','갤러리 게시물 테스트','관리자',null,null,to_timestamp('21/02/01 10:51:51.000000000','RR/MM/DD HH24:MI:SSXFF'),to_date('21/02/01','RR/MM/DD'));
Insert into XE.TBL_BOARD (BNO,BOARD_TYPE,TITLE,WRITER,VIEW_COUNT,REPLY_COUNT,REG_DATE,UPDATE_DATE) values (66,'gallery','갤러리 게시물 테스트','관리자',null,null,to_timestamp('21/02/01 10:51:52.000000000','RR/MM/DD HH24:MI:SSXFF'),to_date('21/02/01','RR/MM/DD'));
Insert into XE.TBL_BOARD (BNO,BOARD_TYPE,TITLE,WRITER,VIEW_COUNT,REPLY_COUNT,REG_DATE,UPDATE_DATE) values (67,'gallery','갤러리 게시물 테스트','관리자',null,null,to_timestamp('21/02/01 10:51:53.000000000','RR/MM/DD HH24:MI:SSXFF'),to_date('21/02/01','RR/MM/DD'));
Insert into XE.TBL_BOARD (BNO,BOARD_TYPE,TITLE,WRITER,VIEW_COUNT,REPLY_COUNT,REG_DATE,UPDATE_DATE) values (68,'gallery','갤러리 게시물 테스트','관리자',null,null,to_timestamp('21/02/01 10:51:54.000000000','RR/MM/DD HH24:MI:SSXFF'),to_date('21/02/01','RR/MM/DD'));
Insert into XE.TBL_BOARD (BNO,BOARD_TYPE,TITLE,WRITER,VIEW_COUNT,REPLY_COUNT,REG_DATE,UPDATE_DATE) values (69,'gallery','갤러리 게시물 테스트','관리자',null,null,to_timestamp('21/02/01 10:51:55.000000000','RR/MM/DD HH24:MI:SSXFF'),to_date('21/02/01','RR/MM/DD'));
Insert into XE.TBL_BOARD (BNO,BOARD_TYPE,TITLE,WRITER,VIEW_COUNT,REPLY_COUNT,REG_DATE,UPDATE_DATE) values (70,'gallery','갤러리 게시물 테스트','관리자',null,null,to_timestamp('21/02/01 10:51:56.000000000','RR/MM/DD HH24:MI:SSXFF'),to_date('21/02/01','RR/MM/DD'));
Insert into XE.TBL_BOARD (BNO,BOARD_TYPE,TITLE,WRITER,VIEW_COUNT,REPLY_COUNT,REG_DATE,UPDATE_DATE) values (71,'gallery','갤러리 게시물 테스트','관리자',null,null,to_timestamp('21/02/01 10:51:57.000000000','RR/MM/DD HH24:MI:SSXFF'),to_date('21/02/01','RR/MM/DD'));
Insert into XE.TBL_BOARD (BNO,BOARD_TYPE,TITLE,WRITER,VIEW_COUNT,REPLY_COUNT,REG_DATE,UPDATE_DATE) values (72,'gallery','갤러리 게시물 테스트','관리자',null,null,to_timestamp('21/02/01 10:51:58.000000000','RR/MM/DD HH24:MI:SSXFF'),to_date('21/02/01','RR/MM/DD'));
Insert into XE.TBL_BOARD (BNO,BOARD_TYPE,TITLE,WRITER,VIEW_COUNT,REPLY_COUNT,REG_DATE,UPDATE_DATE) values (73,'gallery','갤러리 게시물 테스트','관리자',null,null,to_timestamp('21/02/01 10:51:59.000000000','RR/MM/DD HH24:MI:SSXFF'),to_date('21/02/01','RR/MM/DD'));
Insert into XE.TBL_BOARD (BNO,BOARD_TYPE,TITLE,WRITER,VIEW_COUNT,REPLY_COUNT,REG_DATE,UPDATE_DATE) values (74,'gallery','갤러리 게시물 테스트','관리자',null,null,to_timestamp('21/02/01 10:52:00.000000000','RR/MM/DD HH24:MI:SSXFF'),to_date('21/02/01','RR/MM/DD'));
Insert into XE.TBL_BOARD (BNO,BOARD_TYPE,TITLE,WRITER,VIEW_COUNT,REPLY_COUNT,REG_DATE,UPDATE_DATE) values (75,'gallery','갤러리 게시물 테스트','관리자',null,null,to_timestamp('21/02/01 10:52:01.000000000','RR/MM/DD HH24:MI:SSXFF'),to_date('21/02/01','RR/MM/DD'));
Insert into XE.TBL_BOARD (BNO,BOARD_TYPE,TITLE,WRITER,VIEW_COUNT,REPLY_COUNT,REG_DATE,UPDATE_DATE) values (76,'gallery','갤러리 게시물 테스트','관리자',null,null,to_timestamp('21/02/01 10:52:02.000000000','RR/MM/DD HH24:MI:SSXFF'),to_date('21/02/01','RR/MM/DD'));
Insert into XE.TBL_BOARD (BNO,BOARD_TYPE,TITLE,WRITER,VIEW_COUNT,REPLY_COUNT,REG_DATE,UPDATE_DATE) values (77,'gallery','갤러리 게시물 테스트','관리자',null,null,to_timestamp('21/02/01 10:52:03.000000000','RR/MM/DD HH24:MI:SSXFF'),to_date('21/02/01','RR/MM/DD'));
Insert into XE.TBL_BOARD (BNO,BOARD_TYPE,TITLE,WRITER,VIEW_COUNT,REPLY_COUNT,REG_DATE,UPDATE_DATE) values (78,'gallery','갤러리 게시물 테스트','관리자',null,null,to_timestamp('21/02/01 10:52:04.000000000','RR/MM/DD HH24:MI:SSXFF'),to_date('21/02/01','RR/MM/DD'));
Insert into XE.TBL_BOARD (BNO,BOARD_TYPE,TITLE,WRITER,VIEW_COUNT,REPLY_COUNT,REG_DATE,UPDATE_DATE) values (79,'gallery','갤러리 게시물 테스트','관리자',null,null,to_timestamp('21/02/01 10:52:05.000000000','RR/MM/DD HH24:MI:SSXFF'),to_date('21/02/01','RR/MM/DD'));
Insert into XE.TBL_BOARD (BNO,BOARD_TYPE,TITLE,WRITER,VIEW_COUNT,REPLY_COUNT,REG_DATE,UPDATE_DATE) values (80,'gallery','갤러리 게시물 테스트','관리자',null,null,to_timestamp('21/02/01 10:52:06.000000000','RR/MM/DD HH24:MI:SSXFF'),to_date('21/02/01','RR/MM/DD'));
Insert into XE.TBL_BOARD (BNO,BOARD_TYPE,TITLE,WRITER,VIEW_COUNT,REPLY_COUNT,REG_DATE,UPDATE_DATE) values (81,'gallery','갤러리 게시물 테스트','관리자',null,null,to_timestamp('21/02/01 10:52:07.000000000','RR/MM/DD HH24:MI:SSXFF'),to_date('21/02/01','RR/MM/DD'));
Insert into XE.TBL_BOARD (BNO,BOARD_TYPE,TITLE,WRITER,VIEW_COUNT,REPLY_COUNT,REG_DATE,UPDATE_DATE) values (82,'gallery','갤러리 게시물 테스트','관리자',null,null,to_timestamp('21/02/01 10:52:08.000000000','RR/MM/DD HH24:MI:SSXFF'),to_date('21/02/01','RR/MM/DD'));
Insert into XE.TBL_BOARD (BNO,BOARD_TYPE,TITLE,WRITER,VIEW_COUNT,REPLY_COUNT,REG_DATE,UPDATE_DATE) values (83,'gallery','갤러리 게시물 테스트','관리자',null,null,to_timestamp('21/02/01 10:52:09.000000000','RR/MM/DD HH24:MI:SSXFF'),to_date('21/02/01','RR/MM/DD'));
Insert into XE.TBL_BOARD (BNO,BOARD_TYPE,TITLE,WRITER,VIEW_COUNT,REPLY_COUNT,REG_DATE,UPDATE_DATE) values (84,'gallery','갤러리 게시물 테스트','관리자',null,null,to_timestamp('21/02/01 10:52:10.000000000','RR/MM/DD HH24:MI:SSXFF'),to_date('21/02/01','RR/MM/DD'));
Insert into XE.TBL_BOARD (BNO,BOARD_TYPE,TITLE,WRITER,VIEW_COUNT,REPLY_COUNT,REG_DATE,UPDATE_DATE) values (85,'gallery','갤러리 게시물 테스트','관리자',null,null,to_timestamp('21/02/01 10:52:11.000000000','RR/MM/DD HH24:MI:SSXFF'),to_date('21/02/01','RR/MM/DD'));
Insert into XE.TBL_BOARD (BNO,BOARD_TYPE,TITLE,WRITER,VIEW_COUNT,REPLY_COUNT,REG_DATE,UPDATE_DATE) values (86,'gallery','갤러리 게시물 테스트','관리자',null,null,to_timestamp('21/02/01 10:52:12.000000000','RR/MM/DD HH24:MI:SSXFF'),to_date('21/02/01','RR/MM/DD'));
Insert into XE.TBL_BOARD (BNO,BOARD_TYPE,TITLE,WRITER,VIEW_COUNT,REPLY_COUNT,REG_DATE,UPDATE_DATE) values (87,'gallery','갤러리 게시물 테스트','관리자',null,null,to_timestamp('21/02/01 10:52:13.000000000','RR/MM/DD HH24:MI:SSXFF'),to_date('21/02/01','RR/MM/DD'));
Insert into XE.TBL_BOARD (BNO,BOARD_TYPE,TITLE,WRITER,VIEW_COUNT,REPLY_COUNT,REG_DATE,UPDATE_DATE) values (88,'gallery','갤러리 게시물 테스트','관리자',null,null,to_timestamp('21/02/01 10:52:14.000000000','RR/MM/DD HH24:MI:SSXFF'),to_date('21/02/01','RR/MM/DD'));
Insert into XE.TBL_BOARD (BNO,BOARD_TYPE,TITLE,WRITER,VIEW_COUNT,REPLY_COUNT,REG_DATE,UPDATE_DATE) values (89,'gallery','갤러리 게시물 테스트','관리자',null,null,to_timestamp('21/02/01 10:52:15.000000000','RR/MM/DD HH24:MI:SSXFF'),to_date('21/02/01','RR/MM/DD'));
Insert into XE.TBL_BOARD (BNO,BOARD_TYPE,TITLE,WRITER,VIEW_COUNT,REPLY_COUNT,REG_DATE,UPDATE_DATE) values (90,'gallery','갤러리 게시물 테스트','관리자',null,null,to_timestamp('21/02/01 10:52:16.000000000','RR/MM/DD HH24:MI:SSXFF'),to_date('21/02/01','RR/MM/DD'));
Insert into XE.TBL_BOARD (BNO,BOARD_TYPE,TITLE,WRITER,VIEW_COUNT,REPLY_COUNT,REG_DATE,UPDATE_DATE) values (91,'gallery','갤러리 게시물 테스트','관리자',null,null,to_timestamp('21/02/01 10:52:17.000000000','RR/MM/DD HH24:MI:SSXFF'),to_date('21/02/01','RR/MM/DD'));
Insert into XE.TBL_BOARD (BNO,BOARD_TYPE,TITLE,WRITER,VIEW_COUNT,REPLY_COUNT,REG_DATE,UPDATE_DATE) values (92,'gallery','갤러리 게시물 테스트','관리자',null,null,to_timestamp('21/02/01 10:52:18.000000000','RR/MM/DD HH24:MI:SSXFF'),to_date('21/02/01','RR/MM/DD'));
Insert into XE.TBL_BOARD (BNO,BOARD_TYPE,TITLE,WRITER,VIEW_COUNT,REPLY_COUNT,REG_DATE,UPDATE_DATE) values (93,'gallery','갤러리 게시물 테스트','관리자',null,null,to_timestamp('21/02/01 10:52:19.000000000','RR/MM/DD HH24:MI:SSXFF'),to_date('21/02/01','RR/MM/DD'));
Insert into XE.TBL_BOARD (BNO,BOARD_TYPE,TITLE,WRITER,VIEW_COUNT,REPLY_COUNT,REG_DATE,UPDATE_DATE) values (94,'gallery','갤러리 게시물 테스트','관리자',null,null,to_timestamp('21/02/01 10:52:20.000000000','RR/MM/DD HH24:MI:SSXFF'),to_date('21/02/01','RR/MM/DD'));
Insert into XE.TBL_BOARD (BNO,BOARD_TYPE,TITLE,WRITER,VIEW_COUNT,REPLY_COUNT,REG_DATE,UPDATE_DATE) values (95,'gallery','갤러리 게시물 테스트','관리자',null,null,to_timestamp('21/02/01 10:52:21.000000000','RR/MM/DD HH24:MI:SSXFF'),to_date('21/02/01','RR/MM/DD'));
Insert into XE.TBL_BOARD (BNO,BOARD_TYPE,TITLE,WRITER,VIEW_COUNT,REPLY_COUNT,REG_DATE,UPDATE_DATE) values (96,'gallery','갤러리 게시물 테스트','관리자',null,null,to_timestamp('21/02/01 10:52:22.000000000','RR/MM/DD HH24:MI:SSXFF'),to_date('21/02/01','RR/MM/DD'));
Insert into XE.TBL_BOARD (BNO,BOARD_TYPE,TITLE,WRITER,VIEW_COUNT,REPLY_COUNT,REG_DATE,UPDATE_DATE) values (97,'gallery','갤러리 게시물 테스트','관리자',null,null,to_timestamp('21/02/01 10:52:23.000000000','RR/MM/DD HH24:MI:SSXFF'),to_date('21/02/01','RR/MM/DD'));
Insert into XE.TBL_BOARD (BNO,BOARD_TYPE,TITLE,WRITER,VIEW_COUNT,REPLY_COUNT,REG_DATE,UPDATE_DATE) values (98,'gallery','갤러리 게시물 테스트','관리자',null,null,to_timestamp('21/02/01 10:52:24.000000000','RR/MM/DD HH24:MI:SSXFF'),to_date('21/02/01','RR/MM/DD'));
Insert into XE.TBL_BOARD (BNO,BOARD_TYPE,TITLE,WRITER,VIEW_COUNT,REPLY_COUNT,REG_DATE,UPDATE_DATE) values (99,'gallery','갤러리 게시물 테스트','관리자',null,null,to_timestamp('21/02/01 10:52:25.000000000','RR/MM/DD HH24:MI:SSXFF'),to_date('21/02/01','RR/MM/DD'));
Insert into XE.TBL_BOARD (BNO,BOARD_TYPE,TITLE,WRITER,VIEW_COUNT,REPLY_COUNT,REG_DATE,UPDATE_DATE) values (100,'gallery','갤러리 게시물 테스트','관리자',null,null,to_timestamp('21/02/01 10:52:26.000000000','RR/MM/DD HH24:MI:SSXFF'),to_date('21/02/01','RR/MM/DD'));
Insert into XE.TBL_BOARD (BNO,BOARD_TYPE,TITLE,WRITER,VIEW_COUNT,REPLY_COUNT,REG_DATE,UPDATE_DATE) values (55,'gallery','갤러리 게시물 테스트','관리자',null,null,to_timestamp('21/02/01 10:51:41.000000000','RR/MM/DD HH24:MI:SSXFF'),to_date('21/02/01','RR/MM/DD'));
Insert into XE.TBL_BOARD (BNO,BOARD_TYPE,TITLE,WRITER,VIEW_COUNT,REPLY_COUNT,REG_DATE,UPDATE_DATE) values (56,'gallery','갤러리 게시물 테스트','관리자',null,null,to_timestamp('21/02/01 10:51:42.000000000','RR/MM/DD HH24:MI:SSXFF'),to_date('21/02/01','RR/MM/DD'));
Insert into XE.TBL_BOARD (BNO,BOARD_TYPE,TITLE,WRITER,VIEW_COUNT,REPLY_COUNT,REG_DATE,UPDATE_DATE) values (57,'gallery','갤러리 게시물 테스트','관리자',null,null,to_timestamp('21/02/01 10:51:43.000000000','RR/MM/DD HH24:MI:SSXFF'),to_date('21/02/01','RR/MM/DD'));
Insert into XE.TBL_BOARD (BNO,BOARD_TYPE,TITLE,WRITER,VIEW_COUNT,REPLY_COUNT,REG_DATE,UPDATE_DATE) values (58,'gallery','갤러리 게시물 테스트','관리자',null,null,to_timestamp('21/02/01 10:51:44.000000000','RR/MM/DD HH24:MI:SSXFF'),to_date('21/02/01','RR/MM/DD'));
Insert into XE.TBL_BOARD (BNO,BOARD_TYPE,TITLE,WRITER,VIEW_COUNT,REPLY_COUNT,REG_DATE,UPDATE_DATE) values (59,'gallery','갤러리 게시물 테스트','관리자',null,null,to_timestamp('21/02/01 10:51:45.000000000','RR/MM/DD HH24:MI:SSXFF'),to_date('21/02/01','RR/MM/DD'));
REM INSERTING into XE.TBL_BOARD_TYPE
SET DEFINE OFF;
Insert into XE.TBL_BOARD_TYPE (BOARD_TYPE,BOARD_NAME,BOARD_SUN) values ('notice','공지사항',1);
Insert into XE.TBL_BOARD_TYPE (BOARD_TYPE,BOARD_NAME,BOARD_SUN) values ('gallery','갤러리',2);
REM INSERTING into XE.TBL_MEMBER
SET DEFINE OFF;
Insert into XE.TBL_MEMBER (USER_ID,USER_PW,USER_NAME,EMAIL,POINT,ENABLED,LEVELS,REG_DATE,UPDATE_DATE) values ('user1','$2a$10$kIqR/PTloYan/MRNiEsy6uYO6OCHVmAKR4kflVKQkJ345nqTiuGeO','사용자',null,null,1,'ROLE_USER',to_timestamp('21/02/01 10:51:07.000000000','RR/MM/DD HH24:MI:SSXFF'),to_timestamp('21/02/01 10:51:07.000000000','RR/MM/DD HH24:MI:SSXFF'));
Insert into XE.TBL_MEMBER (USER_ID,USER_PW,USER_NAME,EMAIL,POINT,ENABLED,LEVELS,REG_DATE,UPDATE_DATE) values ('user2','$2a$10$kIqR/PTloYan/MRNiEsy6uYO6OCHVmAKR4kflVKQkJ345nqTiuGeO','사용자',null,null,1,'ROLE_USER',to_timestamp('21/02/01 10:51:08.000000000','RR/MM/DD HH24:MI:SSXFF'),to_timestamp('21/02/01 10:51:08.000000000','RR/MM/DD HH24:MI:SSXFF'));
Insert into XE.TBL_MEMBER (USER_ID,USER_PW,USER_NAME,EMAIL,POINT,ENABLED,LEVELS,REG_DATE,UPDATE_DATE) values ('user3','$2a$10$kIqR/PTloYan/MRNiEsy6uYO6OCHVmAKR4kflVKQkJ345nqTiuGeO','사용자',null,null,1,'ROLE_USER',to_timestamp('21/02/01 10:51:09.000000000','RR/MM/DD HH24:MI:SSXFF'),to_timestamp('21/02/01 10:51:09.000000000','RR/MM/DD HH24:MI:SSXFF'));
Insert into XE.TBL_MEMBER (USER_ID,USER_PW,USER_NAME,EMAIL,POINT,ENABLED,LEVELS,REG_DATE,UPDATE_DATE) values ('user4','$2a$10$kIqR/PTloYan/MRNiEsy6uYO6OCHVmAKR4kflVKQkJ345nqTiuGeO','사용자',null,null,1,'ROLE_USER',to_timestamp('21/02/01 10:51:10.000000000','RR/MM/DD HH24:MI:SSXFF'),to_timestamp('21/02/01 10:51:10.000000000','RR/MM/DD HH24:MI:SSXFF'));
Insert into XE.TBL_MEMBER (USER_ID,USER_PW,USER_NAME,EMAIL,POINT,ENABLED,LEVELS,REG_DATE,UPDATE_DATE) values ('user5','$2a$10$kIqR/PTloYan/MRNiEsy6uYO6OCHVmAKR4kflVKQkJ345nqTiuGeO','사용자',null,null,1,'ROLE_USER',to_timestamp('21/02/01 10:51:11.000000000','RR/MM/DD HH24:MI:SSXFF'),to_timestamp('21/02/01 10:51:11.000000000','RR/MM/DD HH24:MI:SSXFF'));
Insert into XE.TBL_MEMBER (USER_ID,USER_PW,USER_NAME,EMAIL,POINT,ENABLED,LEVELS,REG_DATE,UPDATE_DATE) values ('user6','$2a$10$kIqR/PTloYan/MRNiEsy6uYO6OCHVmAKR4kflVKQkJ345nqTiuGeO','사용자',null,null,1,'ROLE_USER',to_timestamp('21/02/01 10:51:12.000000000','RR/MM/DD HH24:MI:SSXFF'),to_timestamp('21/02/01 10:51:12.000000000','RR/MM/DD HH24:MI:SSXFF'));
Insert into XE.TBL_MEMBER (USER_ID,USER_PW,USER_NAME,EMAIL,POINT,ENABLED,LEVELS,REG_DATE,UPDATE_DATE) values ('user7','$2a$10$kIqR/PTloYan/MRNiEsy6uYO6OCHVmAKR4kflVKQkJ345nqTiuGeO','사용자',null,null,1,'ROLE_USER',to_timestamp('21/02/01 10:51:13.000000000','RR/MM/DD HH24:MI:SSXFF'),to_timestamp('21/02/01 10:51:13.000000000','RR/MM/DD HH24:MI:SSXFF'));
Insert into XE.TBL_MEMBER (USER_ID,USER_PW,USER_NAME,EMAIL,POINT,ENABLED,LEVELS,REG_DATE,UPDATE_DATE) values ('user8','$2a$10$kIqR/PTloYan/MRNiEsy6uYO6OCHVmAKR4kflVKQkJ345nqTiuGeO','사용자',null,null,1,'ROLE_USER',to_timestamp('21/02/01 10:51:14.000000000','RR/MM/DD HH24:MI:SSXFF'),to_timestamp('21/02/01 10:51:14.000000000','RR/MM/DD HH24:MI:SSXFF'));
Insert into XE.TBL_MEMBER (USER_ID,USER_PW,USER_NAME,EMAIL,POINT,ENABLED,LEVELS,REG_DATE,UPDATE_DATE) values ('user9','$2a$10$kIqR/PTloYan/MRNiEsy6uYO6OCHVmAKR4kflVKQkJ345nqTiuGeO','사용자',null,null,1,'ROLE_USER',to_timestamp('21/02/01 10:51:15.000000000','RR/MM/DD HH24:MI:SSXFF'),to_timestamp('21/02/01 10:51:15.000000000','RR/MM/DD HH24:MI:SSXFF'));
Insert into XE.TBL_MEMBER (USER_ID,USER_PW,USER_NAME,EMAIL,POINT,ENABLED,LEVELS,REG_DATE,UPDATE_DATE) values ('user10','$2a$10$kIqR/PTloYan/MRNiEsy6uYO6OCHVmAKR4kflVKQkJ345nqTiuGeO','사용자',null,null,1,'ROLE_USER',to_timestamp('21/02/01 10:51:16.000000000','RR/MM/DD HH24:MI:SSXFF'),to_timestamp('21/02/01 10:51:16.000000000','RR/MM/DD HH24:MI:SSXFF'));
Insert into XE.TBL_MEMBER (USER_ID,USER_PW,USER_NAME,EMAIL,POINT,ENABLED,LEVELS,REG_DATE,UPDATE_DATE) values ('user11','$2a$10$kIqR/PTloYan/MRNiEsy6uYO6OCHVmAKR4kflVKQkJ345nqTiuGeO','사용자',null,null,1,'ROLE_USER',to_timestamp('21/02/01 10:51:17.000000000','RR/MM/DD HH24:MI:SSXFF'),to_timestamp('21/02/01 10:51:17.000000000','RR/MM/DD HH24:MI:SSXFF'));
Insert into XE.TBL_MEMBER (USER_ID,USER_PW,USER_NAME,EMAIL,POINT,ENABLED,LEVELS,REG_DATE,UPDATE_DATE) values ('user12','$2a$10$kIqR/PTloYan/MRNiEsy6uYO6OCHVmAKR4kflVKQkJ345nqTiuGeO','사용자',null,null,1,'ROLE_USER',to_timestamp('21/02/01 10:51:18.000000000','RR/MM/DD HH24:MI:SSXFF'),to_timestamp('21/02/01 10:51:18.000000000','RR/MM/DD HH24:MI:SSXFF'));
Insert into XE.TBL_MEMBER (USER_ID,USER_PW,USER_NAME,EMAIL,POINT,ENABLED,LEVELS,REG_DATE,UPDATE_DATE) values ('user13','$2a$10$kIqR/PTloYan/MRNiEsy6uYO6OCHVmAKR4kflVKQkJ345nqTiuGeO','사용자',null,null,1,'ROLE_USER',to_timestamp('21/02/01 10:51:19.000000000','RR/MM/DD HH24:MI:SSXFF'),to_timestamp('21/02/01 10:51:19.000000000','RR/MM/DD HH24:MI:SSXFF'));
Insert into XE.TBL_MEMBER (USER_ID,USER_PW,USER_NAME,EMAIL,POINT,ENABLED,LEVELS,REG_DATE,UPDATE_DATE) values ('user14','$2a$10$kIqR/PTloYan/MRNiEsy6uYO6OCHVmAKR4kflVKQkJ345nqTiuGeO','사용자',null,null,1,'ROLE_USER',to_timestamp('21/02/01 10:51:20.000000000','RR/MM/DD HH24:MI:SSXFF'),to_timestamp('21/02/01 10:51:20.000000000','RR/MM/DD HH24:MI:SSXFF'));
Insert into XE.TBL_MEMBER (USER_ID,USER_PW,USER_NAME,EMAIL,POINT,ENABLED,LEVELS,REG_DATE,UPDATE_DATE) values ('user15','$2a$10$kIqR/PTloYan/MRNiEsy6uYO6OCHVmAKR4kflVKQkJ345nqTiuGeO','사용자',null,null,1,'ROLE_USER',to_timestamp('21/02/01 10:51:21.000000000','RR/MM/DD HH24:MI:SSXFF'),to_timestamp('21/02/01 10:51:21.000000000','RR/MM/DD HH24:MI:SSXFF'));
Insert into XE.TBL_MEMBER (USER_ID,USER_PW,USER_NAME,EMAIL,POINT,ENABLED,LEVELS,REG_DATE,UPDATE_DATE) values ('user16','$2a$10$kIqR/PTloYan/MRNiEsy6uYO6OCHVmAKR4kflVKQkJ345nqTiuGeO','사용자',null,null,1,'ROLE_USER',to_timestamp('21/02/01 10:51:22.000000000','RR/MM/DD HH24:MI:SSXFF'),to_timestamp('21/02/01 10:51:22.000000000','RR/MM/DD HH24:MI:SSXFF'));
Insert into XE.TBL_MEMBER (USER_ID,USER_PW,USER_NAME,EMAIL,POINT,ENABLED,LEVELS,REG_DATE,UPDATE_DATE) values ('user17','$2a$10$kIqR/PTloYan/MRNiEsy6uYO6OCHVmAKR4kflVKQkJ345nqTiuGeO','사용자',null,null,1,'ROLE_USER',to_timestamp('21/02/01 10:51:23.000000000','RR/MM/DD HH24:MI:SSXFF'),to_timestamp('21/02/01 10:51:23.000000000','RR/MM/DD HH24:MI:SSXFF'));
Insert into XE.TBL_MEMBER (USER_ID,USER_PW,USER_NAME,EMAIL,POINT,ENABLED,LEVELS,REG_DATE,UPDATE_DATE) values ('user18','$2a$10$kIqR/PTloYan/MRNiEsy6uYO6OCHVmAKR4kflVKQkJ345nqTiuGeO','사용자',null,null,1,'ROLE_USER',to_timestamp('21/02/01 10:51:24.000000000','RR/MM/DD HH24:MI:SSXFF'),to_timestamp('21/02/01 10:51:24.000000000','RR/MM/DD HH24:MI:SSXFF'));
Insert into XE.TBL_MEMBER (USER_ID,USER_PW,USER_NAME,EMAIL,POINT,ENABLED,LEVELS,REG_DATE,UPDATE_DATE) values ('user19','$2a$10$kIqR/PTloYan/MRNiEsy6uYO6OCHVmAKR4kflVKQkJ345nqTiuGeO','사용자',null,null,1,'ROLE_USER',to_timestamp('21/02/01 10:51:25.000000000','RR/MM/DD HH24:MI:SSXFF'),to_timestamp('21/02/01 10:51:25.000000000','RR/MM/DD HH24:MI:SSXFF'));
Insert into XE.TBL_MEMBER (USER_ID,USER_PW,USER_NAME,EMAIL,POINT,ENABLED,LEVELS,REG_DATE,UPDATE_DATE) values ('user20','$2a$10$kIqR/PTloYan/MRNiEsy6uYO6OCHVmAKR4kflVKQkJ345nqTiuGeO','사용자',null,null,1,'ROLE_USER',to_timestamp('21/02/01 10:51:26.000000000','RR/MM/DD HH24:MI:SSXFF'),to_timestamp('21/02/01 10:51:26.000000000','RR/MM/DD HH24:MI:SSXFF'));
Insert into XE.TBL_MEMBER (USER_ID,USER_PW,USER_NAME,EMAIL,POINT,ENABLED,LEVELS,REG_DATE,UPDATE_DATE) values ('user21','$2a$10$kIqR/PTloYan/MRNiEsy6uYO6OCHVmAKR4kflVKQkJ345nqTiuGeO','사용자',null,null,1,'ROLE_USER',to_timestamp('21/02/01 10:51:27.000000000','RR/MM/DD HH24:MI:SSXFF'),to_timestamp('21/02/01 10:51:27.000000000','RR/MM/DD HH24:MI:SSXFF'));
Insert into XE.TBL_MEMBER (USER_ID,USER_PW,USER_NAME,EMAIL,POINT,ENABLED,LEVELS,REG_DATE,UPDATE_DATE) values ('user22','$2a$10$kIqR/PTloYan/MRNiEsy6uYO6OCHVmAKR4kflVKQkJ345nqTiuGeO','사용자',null,null,1,'ROLE_USER',to_timestamp('21/02/01 10:51:28.000000000','RR/MM/DD HH24:MI:SSXFF'),to_timestamp('21/02/01 10:51:28.000000000','RR/MM/DD HH24:MI:SSXFF'));
Insert into XE.TBL_MEMBER (USER_ID,USER_PW,USER_NAME,EMAIL,POINT,ENABLED,LEVELS,REG_DATE,UPDATE_DATE) values ('user23','$2a$10$kIqR/PTloYan/MRNiEsy6uYO6OCHVmAKR4kflVKQkJ345nqTiuGeO','사용자',null,null,1,'ROLE_USER',to_timestamp('21/02/01 10:51:29.000000000','RR/MM/DD HH24:MI:SSXFF'),to_timestamp('21/02/01 10:51:29.000000000','RR/MM/DD HH24:MI:SSXFF'));
Insert into XE.TBL_MEMBER (USER_ID,USER_PW,USER_NAME,EMAIL,POINT,ENABLED,LEVELS,REG_DATE,UPDATE_DATE) values ('user24','$2a$10$kIqR/PTloYan/MRNiEsy6uYO6OCHVmAKR4kflVKQkJ345nqTiuGeO','사용자',null,null,1,'ROLE_USER',to_timestamp('21/02/01 10:51:30.000000000','RR/MM/DD HH24:MI:SSXFF'),to_timestamp('21/02/01 10:51:30.000000000','RR/MM/DD HH24:MI:SSXFF'));
Insert into XE.TBL_MEMBER (USER_ID,USER_PW,USER_NAME,EMAIL,POINT,ENABLED,LEVELS,REG_DATE,UPDATE_DATE) values ('user25','$2a$10$kIqR/PTloYan/MRNiEsy6uYO6OCHVmAKR4kflVKQkJ345nqTiuGeO','사용자',null,null,1,'ROLE_USER',to_timestamp('21/02/01 10:51:31.000000000','RR/MM/DD HH24:MI:SSXFF'),to_timestamp('21/02/01 10:51:31.000000000','RR/MM/DD HH24:MI:SSXFF'));
Insert into XE.TBL_MEMBER (USER_ID,USER_PW,USER_NAME,EMAIL,POINT,ENABLED,LEVELS,REG_DATE,UPDATE_DATE) values ('user26','$2a$10$kIqR/PTloYan/MRNiEsy6uYO6OCHVmAKR4kflVKQkJ345nqTiuGeO','사용자',null,null,1,'ROLE_USER',to_timestamp('21/02/01 10:51:32.000000000','RR/MM/DD HH24:MI:SSXFF'),to_timestamp('21/02/01 10:51:32.000000000','RR/MM/DD HH24:MI:SSXFF'));
Insert into XE.TBL_MEMBER (USER_ID,USER_PW,USER_NAME,EMAIL,POINT,ENABLED,LEVELS,REG_DATE,UPDATE_DATE) values ('user27','$2a$10$kIqR/PTloYan/MRNiEsy6uYO6OCHVmAKR4kflVKQkJ345nqTiuGeO','사용자',null,null,1,'ROLE_USER',to_timestamp('21/02/01 10:51:33.000000000','RR/MM/DD HH24:MI:SSXFF'),to_timestamp('21/02/01 10:51:33.000000000','RR/MM/DD HH24:MI:SSXFF'));
Insert into XE.TBL_MEMBER (USER_ID,USER_PW,USER_NAME,EMAIL,POINT,ENABLED,LEVELS,REG_DATE,UPDATE_DATE) values ('user28','$2a$10$kIqR/PTloYan/MRNiEsy6uYO6OCHVmAKR4kflVKQkJ345nqTiuGeO','사용자',null,null,1,'ROLE_USER',to_timestamp('21/02/01 10:51:34.000000000','RR/MM/DD HH24:MI:SSXFF'),to_timestamp('21/02/01 10:51:34.000000000','RR/MM/DD HH24:MI:SSXFF'));
Insert into XE.TBL_MEMBER (USER_ID,USER_PW,USER_NAME,EMAIL,POINT,ENABLED,LEVELS,REG_DATE,UPDATE_DATE) values ('user29','$2a$10$kIqR/PTloYan/MRNiEsy6uYO6OCHVmAKR4kflVKQkJ345nqTiuGeO','사용자',null,null,1,'ROLE_USER',to_timestamp('21/02/01 10:51:35.000000000','RR/MM/DD HH24:MI:SSXFF'),to_timestamp('21/02/01 10:51:35.000000000','RR/MM/DD HH24:MI:SSXFF'));
Insert into XE.TBL_MEMBER (USER_ID,USER_PW,USER_NAME,EMAIL,POINT,ENABLED,LEVELS,REG_DATE,UPDATE_DATE) values ('user30','$2a$10$kIqR/PTloYan/MRNiEsy6uYO6OCHVmAKR4kflVKQkJ345nqTiuGeO','사용자',null,null,1,'ROLE_USER',to_timestamp('21/02/01 10:51:36.000000000','RR/MM/DD HH24:MI:SSXFF'),to_timestamp('21/02/01 10:51:36.000000000','RR/MM/DD HH24:MI:SSXFF'));
Insert into XE.TBL_MEMBER (USER_ID,USER_PW,USER_NAME,EMAIL,POINT,ENABLED,LEVELS,REG_DATE,UPDATE_DATE) values ('user31','$2a$10$kIqR/PTloYan/MRNiEsy6uYO6OCHVmAKR4kflVKQkJ345nqTiuGeO','사용자',null,null,1,'ROLE_USER',to_timestamp('21/02/01 10:51:37.000000000','RR/MM/DD HH24:MI:SSXFF'),to_timestamp('21/02/01 10:51:37.000000000','RR/MM/DD HH24:MI:SSXFF'));
Insert into XE.TBL_MEMBER (USER_ID,USER_PW,USER_NAME,EMAIL,POINT,ENABLED,LEVELS,REG_DATE,UPDATE_DATE) values ('user32','$2a$10$kIqR/PTloYan/MRNiEsy6uYO6OCHVmAKR4kflVKQkJ345nqTiuGeO','사용자',null,null,1,'ROLE_USER',to_timestamp('21/02/01 10:51:38.000000000','RR/MM/DD HH24:MI:SSXFF'),to_timestamp('21/02/01 10:51:38.000000000','RR/MM/DD HH24:MI:SSXFF'));
Insert into XE.TBL_MEMBER (USER_ID,USER_PW,USER_NAME,EMAIL,POINT,ENABLED,LEVELS,REG_DATE,UPDATE_DATE) values ('user33','$2a$10$kIqR/PTloYan/MRNiEsy6uYO6OCHVmAKR4kflVKQkJ345nqTiuGeO','사용자',null,null,1,'ROLE_USER',to_timestamp('21/02/01 10:51:39.000000000','RR/MM/DD HH24:MI:SSXFF'),to_timestamp('21/02/01 10:51:39.000000000','RR/MM/DD HH24:MI:SSXFF'));
Insert into XE.TBL_MEMBER (USER_ID,USER_PW,USER_NAME,EMAIL,POINT,ENABLED,LEVELS,REG_DATE,UPDATE_DATE) values ('user34','$2a$10$kIqR/PTloYan/MRNiEsy6uYO6OCHVmAKR4kflVKQkJ345nqTiuGeO','사용자',null,null,1,'ROLE_USER',to_timestamp('21/02/01 10:51:40.000000000','RR/MM/DD HH24:MI:SSXFF'),to_timestamp('21/02/01 10:51:40.000000000','RR/MM/DD HH24:MI:SSXFF'));
Insert into XE.TBL_MEMBER (USER_ID,USER_PW,USER_NAME,EMAIL,POINT,ENABLED,LEVELS,REG_DATE,UPDATE_DATE) values ('user35','$2a$10$kIqR/PTloYan/MRNiEsy6uYO6OCHVmAKR4kflVKQkJ345nqTiuGeO','사용자',null,null,1,'ROLE_USER',to_timestamp('21/02/01 10:51:41.000000000','RR/MM/DD HH24:MI:SSXFF'),to_timestamp('21/02/01 10:51:41.000000000','RR/MM/DD HH24:MI:SSXFF'));
Insert into XE.TBL_MEMBER (USER_ID,USER_PW,USER_NAME,EMAIL,POINT,ENABLED,LEVELS,REG_DATE,UPDATE_DATE) values ('user36','$2a$10$kIqR/PTloYan/MRNiEsy6uYO6OCHVmAKR4kflVKQkJ345nqTiuGeO','사용자',null,null,1,'ROLE_USER',to_timestamp('21/02/01 10:51:42.000000000','RR/MM/DD HH24:MI:SSXFF'),to_timestamp('21/02/01 10:51:42.000000000','RR/MM/DD HH24:MI:SSXFF'));
Insert into XE.TBL_MEMBER (USER_ID,USER_PW,USER_NAME,EMAIL,POINT,ENABLED,LEVELS,REG_DATE,UPDATE_DATE) values ('user37','$2a$10$kIqR/PTloYan/MRNiEsy6uYO6OCHVmAKR4kflVKQkJ345nqTiuGeO','사용자',null,null,1,'ROLE_USER',to_timestamp('21/02/01 10:51:43.000000000','RR/MM/DD HH24:MI:SSXFF'),to_timestamp('21/02/01 10:51:43.000000000','RR/MM/DD HH24:MI:SSXFF'));
Insert into XE.TBL_MEMBER (USER_ID,USER_PW,USER_NAME,EMAIL,POINT,ENABLED,LEVELS,REG_DATE,UPDATE_DATE) values ('user38','$2a$10$kIqR/PTloYan/MRNiEsy6uYO6OCHVmAKR4kflVKQkJ345nqTiuGeO','사용자',null,null,1,'ROLE_USER',to_timestamp('21/02/01 10:51:44.000000000','RR/MM/DD HH24:MI:SSXFF'),to_timestamp('21/02/01 10:51:44.000000000','RR/MM/DD HH24:MI:SSXFF'));
Insert into XE.TBL_MEMBER (USER_ID,USER_PW,USER_NAME,EMAIL,POINT,ENABLED,LEVELS,REG_DATE,UPDATE_DATE) values ('user39','$2a$10$kIqR/PTloYan/MRNiEsy6uYO6OCHVmAKR4kflVKQkJ345nqTiuGeO','사용자',null,null,1,'ROLE_USER',to_timestamp('21/02/01 10:51:45.000000000','RR/MM/DD HH24:MI:SSXFF'),to_timestamp('21/02/01 10:51:45.000000000','RR/MM/DD HH24:MI:SSXFF'));
Insert into XE.TBL_MEMBER (USER_ID,USER_PW,USER_NAME,EMAIL,POINT,ENABLED,LEVELS,REG_DATE,UPDATE_DATE) values ('user40','$2a$10$kIqR/PTloYan/MRNiEsy6uYO6OCHVmAKR4kflVKQkJ345nqTiuGeO','사용자',null,null,1,'ROLE_USER',to_timestamp('21/02/01 10:51:46.000000000','RR/MM/DD HH24:MI:SSXFF'),to_timestamp('21/02/01 10:51:46.000000000','RR/MM/DD HH24:MI:SSXFF'));
Insert into XE.TBL_MEMBER (USER_ID,USER_PW,USER_NAME,EMAIL,POINT,ENABLED,LEVELS,REG_DATE,UPDATE_DATE) values ('user41','$2a$10$kIqR/PTloYan/MRNiEsy6uYO6OCHVmAKR4kflVKQkJ345nqTiuGeO','사용자',null,null,1,'ROLE_USER',to_timestamp('21/02/01 10:51:47.000000000','RR/MM/DD HH24:MI:SSXFF'),to_timestamp('21/02/01 10:51:47.000000000','RR/MM/DD HH24:MI:SSXFF'));
Insert into XE.TBL_MEMBER (USER_ID,USER_PW,USER_NAME,EMAIL,POINT,ENABLED,LEVELS,REG_DATE,UPDATE_DATE) values ('user42','$2a$10$kIqR/PTloYan/MRNiEsy6uYO6OCHVmAKR4kflVKQkJ345nqTiuGeO','사용자',null,null,1,'ROLE_USER',to_timestamp('21/02/01 10:51:48.000000000','RR/MM/DD HH24:MI:SSXFF'),to_timestamp('21/02/01 10:51:48.000000000','RR/MM/DD HH24:MI:SSXFF'));
Insert into XE.TBL_MEMBER (USER_ID,USER_PW,USER_NAME,EMAIL,POINT,ENABLED,LEVELS,REG_DATE,UPDATE_DATE) values ('user43','$2a$10$kIqR/PTloYan/MRNiEsy6uYO6OCHVmAKR4kflVKQkJ345nqTiuGeO','사용자',null,null,1,'ROLE_USER',to_timestamp('21/02/01 10:51:49.000000000','RR/MM/DD HH24:MI:SSXFF'),to_timestamp('21/02/01 10:51:49.000000000','RR/MM/DD HH24:MI:SSXFF'));
Insert into XE.TBL_MEMBER (USER_ID,USER_PW,USER_NAME,EMAIL,POINT,ENABLED,LEVELS,REG_DATE,UPDATE_DATE) values ('user44','$2a$10$kIqR/PTloYan/MRNiEsy6uYO6OCHVmAKR4kflVKQkJ345nqTiuGeO','사용자',null,null,1,'ROLE_USER',to_timestamp('21/02/01 10:51:50.000000000','RR/MM/DD HH24:MI:SSXFF'),to_timestamp('21/02/01 10:51:50.000000000','RR/MM/DD HH24:MI:SSXFF'));
Insert into XE.TBL_MEMBER (USER_ID,USER_PW,USER_NAME,EMAIL,POINT,ENABLED,LEVELS,REG_DATE,UPDATE_DATE) values ('user45','$2a$10$kIqR/PTloYan/MRNiEsy6uYO6OCHVmAKR4kflVKQkJ345nqTiuGeO','사용자',null,null,1,'ROLE_USER',to_timestamp('21/02/01 10:51:51.000000000','RR/MM/DD HH24:MI:SSXFF'),to_timestamp('21/02/01 10:51:51.000000000','RR/MM/DD HH24:MI:SSXFF'));
Insert into XE.TBL_MEMBER (USER_ID,USER_PW,USER_NAME,EMAIL,POINT,ENABLED,LEVELS,REG_DATE,UPDATE_DATE) values ('user46','$2a$10$kIqR/PTloYan/MRNiEsy6uYO6OCHVmAKR4kflVKQkJ345nqTiuGeO','사용자',null,null,1,'ROLE_USER',to_timestamp('21/02/01 10:51:52.000000000','RR/MM/DD HH24:MI:SSXFF'),to_timestamp('21/02/01 10:51:52.000000000','RR/MM/DD HH24:MI:SSXFF'));
Insert into XE.TBL_MEMBER (USER_ID,USER_PW,USER_NAME,EMAIL,POINT,ENABLED,LEVELS,REG_DATE,UPDATE_DATE) values ('user47','$2a$10$kIqR/PTloYan/MRNiEsy6uYO6OCHVmAKR4kflVKQkJ345nqTiuGeO','사용자',null,null,1,'ROLE_USER',to_timestamp('21/02/01 10:51:53.000000000','RR/MM/DD HH24:MI:SSXFF'),to_timestamp('21/02/01 10:51:53.000000000','RR/MM/DD HH24:MI:SSXFF'));
Insert into XE.TBL_MEMBER (USER_ID,USER_PW,USER_NAME,EMAIL,POINT,ENABLED,LEVELS,REG_DATE,UPDATE_DATE) values ('user48','$2a$10$kIqR/PTloYan/MRNiEsy6uYO6OCHVmAKR4kflVKQkJ345nqTiuGeO','사용자',null,null,1,'ROLE_USER',to_timestamp('21/02/01 10:51:54.000000000','RR/MM/DD HH24:MI:SSXFF'),to_timestamp('21/02/01 10:51:54.000000000','RR/MM/DD HH24:MI:SSXFF'));
Insert into XE.TBL_MEMBER (USER_ID,USER_PW,USER_NAME,EMAIL,POINT,ENABLED,LEVELS,REG_DATE,UPDATE_DATE) values ('user49','$2a$10$kIqR/PTloYan/MRNiEsy6uYO6OCHVmAKR4kflVKQkJ345nqTiuGeO','사용자',null,null,1,'ROLE_USER',to_timestamp('21/02/01 10:51:55.000000000','RR/MM/DD HH24:MI:SSXFF'),to_timestamp('21/02/01 10:51:55.000000000','RR/MM/DD HH24:MI:SSXFF'));
Insert into XE.TBL_MEMBER (USER_ID,USER_PW,USER_NAME,EMAIL,POINT,ENABLED,LEVELS,REG_DATE,UPDATE_DATE) values ('user50','$2a$10$kIqR/PTloYan/MRNiEsy6uYO6OCHVmAKR4kflVKQkJ345nqTiuGeO','사용자',null,null,1,'ROLE_USER',to_timestamp('21/02/01 10:51:56.000000000','RR/MM/DD HH24:MI:SSXFF'),to_timestamp('21/02/01 10:51:56.000000000','RR/MM/DD HH24:MI:SSXFF'));
Insert into XE.TBL_MEMBER (USER_ID,USER_PW,USER_NAME,EMAIL,POINT,ENABLED,LEVELS,REG_DATE,UPDATE_DATE) values ('user51','$2a$10$kIqR/PTloYan/MRNiEsy6uYO6OCHVmAKR4kflVKQkJ345nqTiuGeO','사용자',null,null,1,'ROLE_USER',to_timestamp('21/02/01 10:51:57.000000000','RR/MM/DD HH24:MI:SSXFF'),to_timestamp('21/02/01 10:51:57.000000000','RR/MM/DD HH24:MI:SSXFF'));
Insert into XE.TBL_MEMBER (USER_ID,USER_PW,USER_NAME,EMAIL,POINT,ENABLED,LEVELS,REG_DATE,UPDATE_DATE) values ('user52','$2a$10$kIqR/PTloYan/MRNiEsy6uYO6OCHVmAKR4kflVKQkJ345nqTiuGeO','사용자',null,null,1,'ROLE_USER',to_timestamp('21/02/01 10:51:58.000000000','RR/MM/DD HH24:MI:SSXFF'),to_timestamp('21/02/01 10:51:58.000000000','RR/MM/DD HH24:MI:SSXFF'));
Insert into XE.TBL_MEMBER (USER_ID,USER_PW,USER_NAME,EMAIL,POINT,ENABLED,LEVELS,REG_DATE,UPDATE_DATE) values ('user53','$2a$10$kIqR/PTloYan/MRNiEsy6uYO6OCHVmAKR4kflVKQkJ345nqTiuGeO','사용자',null,null,1,'ROLE_USER',to_timestamp('21/02/01 10:51:59.000000000','RR/MM/DD HH24:MI:SSXFF'),to_timestamp('21/02/01 10:51:59.000000000','RR/MM/DD HH24:MI:SSXFF'));
Insert into XE.TBL_MEMBER (USER_ID,USER_PW,USER_NAME,EMAIL,POINT,ENABLED,LEVELS,REG_DATE,UPDATE_DATE) values ('user54','$2a$10$kIqR/PTloYan/MRNiEsy6uYO6OCHVmAKR4kflVKQkJ345nqTiuGeO','사용자',null,null,1,'ROLE_USER',to_timestamp('21/02/01 10:52:00.000000000','RR/MM/DD HH24:MI:SSXFF'),to_timestamp('21/02/01 10:52:00.000000000','RR/MM/DD HH24:MI:SSXFF'));
Insert into XE.TBL_MEMBER (USER_ID,USER_PW,USER_NAME,EMAIL,POINT,ENABLED,LEVELS,REG_DATE,UPDATE_DATE) values ('user55','$2a$10$kIqR/PTloYan/MRNiEsy6uYO6OCHVmAKR4kflVKQkJ345nqTiuGeO','사용자',null,null,1,'ROLE_USER',to_timestamp('21/02/01 10:52:01.000000000','RR/MM/DD HH24:MI:SSXFF'),to_timestamp('21/02/01 10:52:01.000000000','RR/MM/DD HH24:MI:SSXFF'));
Insert into XE.TBL_MEMBER (USER_ID,USER_PW,USER_NAME,EMAIL,POINT,ENABLED,LEVELS,REG_DATE,UPDATE_DATE) values ('user56','$2a$10$kIqR/PTloYan/MRNiEsy6uYO6OCHVmAKR4kflVKQkJ345nqTiuGeO','사용자',null,null,1,'ROLE_USER',to_timestamp('21/02/01 10:52:02.000000000','RR/MM/DD HH24:MI:SSXFF'),to_timestamp('21/02/01 10:52:02.000000000','RR/MM/DD HH24:MI:SSXFF'));
Insert into XE.TBL_MEMBER (USER_ID,USER_PW,USER_NAME,EMAIL,POINT,ENABLED,LEVELS,REG_DATE,UPDATE_DATE) values ('user57','$2a$10$kIqR/PTloYan/MRNiEsy6uYO6OCHVmAKR4kflVKQkJ345nqTiuGeO','사용자',null,null,1,'ROLE_USER',to_timestamp('21/02/01 10:52:03.000000000','RR/MM/DD HH24:MI:SSXFF'),to_timestamp('21/02/01 10:52:03.000000000','RR/MM/DD HH24:MI:SSXFF'));
Insert into XE.TBL_MEMBER (USER_ID,USER_PW,USER_NAME,EMAIL,POINT,ENABLED,LEVELS,REG_DATE,UPDATE_DATE) values ('user58','$2a$10$kIqR/PTloYan/MRNiEsy6uYO6OCHVmAKR4kflVKQkJ345nqTiuGeO','사용자',null,null,1,'ROLE_USER',to_timestamp('21/02/01 10:52:04.000000000','RR/MM/DD HH24:MI:SSXFF'),to_timestamp('21/02/01 10:52:04.000000000','RR/MM/DD HH24:MI:SSXFF'));
Insert into XE.TBL_MEMBER (USER_ID,USER_PW,USER_NAME,EMAIL,POINT,ENABLED,LEVELS,REG_DATE,UPDATE_DATE) values ('user59','$2a$10$kIqR/PTloYan/MRNiEsy6uYO6OCHVmAKR4kflVKQkJ345nqTiuGeO','사용자',null,null,1,'ROLE_USER',to_timestamp('21/02/01 10:52:05.000000000','RR/MM/DD HH24:MI:SSXFF'),to_timestamp('21/02/01 10:52:05.000000000','RR/MM/DD HH24:MI:SSXFF'));
Insert into XE.TBL_MEMBER (USER_ID,USER_PW,USER_NAME,EMAIL,POINT,ENABLED,LEVELS,REG_DATE,UPDATE_DATE) values ('user60','$2a$10$kIqR/PTloYan/MRNiEsy6uYO6OCHVmAKR4kflVKQkJ345nqTiuGeO','사용자',null,null,1,'ROLE_USER',to_timestamp('21/02/01 10:52:06.000000000','RR/MM/DD HH24:MI:SSXFF'),to_timestamp('21/02/01 10:52:06.000000000','RR/MM/DD HH24:MI:SSXFF'));
Insert into XE.TBL_MEMBER (USER_ID,USER_PW,USER_NAME,EMAIL,POINT,ENABLED,LEVELS,REG_DATE,UPDATE_DATE) values ('user61','$2a$10$kIqR/PTloYan/MRNiEsy6uYO6OCHVmAKR4kflVKQkJ345nqTiuGeO','사용자',null,null,1,'ROLE_USER',to_timestamp('21/02/01 10:52:07.000000000','RR/MM/DD HH24:MI:SSXFF'),to_timestamp('21/02/01 10:52:07.000000000','RR/MM/DD HH24:MI:SSXFF'));
Insert into XE.TBL_MEMBER (USER_ID,USER_PW,USER_NAME,EMAIL,POINT,ENABLED,LEVELS,REG_DATE,UPDATE_DATE) values ('user62','$2a$10$kIqR/PTloYan/MRNiEsy6uYO6OCHVmAKR4kflVKQkJ345nqTiuGeO','사용자',null,null,1,'ROLE_USER',to_timestamp('21/02/01 10:52:08.000000000','RR/MM/DD HH24:MI:SSXFF'),to_timestamp('21/02/01 10:52:08.000000000','RR/MM/DD HH24:MI:SSXFF'));
Insert into XE.TBL_MEMBER (USER_ID,USER_PW,USER_NAME,EMAIL,POINT,ENABLED,LEVELS,REG_DATE,UPDATE_DATE) values ('user63','$2a$10$kIqR/PTloYan/MRNiEsy6uYO6OCHVmAKR4kflVKQkJ345nqTiuGeO','사용자',null,null,1,'ROLE_USER',to_timestamp('21/02/01 10:52:09.000000000','RR/MM/DD HH24:MI:SSXFF'),to_timestamp('21/02/01 10:52:09.000000000','RR/MM/DD HH24:MI:SSXFF'));
Insert into XE.TBL_MEMBER (USER_ID,USER_PW,USER_NAME,EMAIL,POINT,ENABLED,LEVELS,REG_DATE,UPDATE_DATE) values ('user64','$2a$10$kIqR/PTloYan/MRNiEsy6uYO6OCHVmAKR4kflVKQkJ345nqTiuGeO','사용자',null,null,1,'ROLE_USER',to_timestamp('21/02/01 10:52:10.000000000','RR/MM/DD HH24:MI:SSXFF'),to_timestamp('21/02/01 10:52:10.000000000','RR/MM/DD HH24:MI:SSXFF'));
Insert into XE.TBL_MEMBER (USER_ID,USER_PW,USER_NAME,EMAIL,POINT,ENABLED,LEVELS,REG_DATE,UPDATE_DATE) values ('user65','$2a$10$kIqR/PTloYan/MRNiEsy6uYO6OCHVmAKR4kflVKQkJ345nqTiuGeO','사용자',null,null,1,'ROLE_USER',to_timestamp('21/02/01 10:52:11.000000000','RR/MM/DD HH24:MI:SSXFF'),to_timestamp('21/02/01 10:52:11.000000000','RR/MM/DD HH24:MI:SSXFF'));
Insert into XE.TBL_MEMBER (USER_ID,USER_PW,USER_NAME,EMAIL,POINT,ENABLED,LEVELS,REG_DATE,UPDATE_DATE) values ('user66','$2a$10$kIqR/PTloYan/MRNiEsy6uYO6OCHVmAKR4kflVKQkJ345nqTiuGeO','사용자',null,null,1,'ROLE_USER',to_timestamp('21/02/01 10:52:12.000000000','RR/MM/DD HH24:MI:SSXFF'),to_timestamp('21/02/01 10:52:12.000000000','RR/MM/DD HH24:MI:SSXFF'));
Insert into XE.TBL_MEMBER (USER_ID,USER_PW,USER_NAME,EMAIL,POINT,ENABLED,LEVELS,REG_DATE,UPDATE_DATE) values ('user67','$2a$10$kIqR/PTloYan/MRNiEsy6uYO6OCHVmAKR4kflVKQkJ345nqTiuGeO','사용자',null,null,1,'ROLE_USER',to_timestamp('21/02/01 10:52:13.000000000','RR/MM/DD HH24:MI:SSXFF'),to_timestamp('21/02/01 10:52:13.000000000','RR/MM/DD HH24:MI:SSXFF'));
Insert into XE.TBL_MEMBER (USER_ID,USER_PW,USER_NAME,EMAIL,POINT,ENABLED,LEVELS,REG_DATE,UPDATE_DATE) values ('user68','$2a$10$kIqR/PTloYan/MRNiEsy6uYO6OCHVmAKR4kflVKQkJ345nqTiuGeO','사용자',null,null,1,'ROLE_USER',to_timestamp('21/02/01 10:52:14.000000000','RR/MM/DD HH24:MI:SSXFF'),to_timestamp('21/02/01 10:52:14.000000000','RR/MM/DD HH24:MI:SSXFF'));
Insert into XE.TBL_MEMBER (USER_ID,USER_PW,USER_NAME,EMAIL,POINT,ENABLED,LEVELS,REG_DATE,UPDATE_DATE) values ('user69','$2a$10$kIqR/PTloYan/MRNiEsy6uYO6OCHVmAKR4kflVKQkJ345nqTiuGeO','사용자',null,null,1,'ROLE_USER',to_timestamp('21/02/01 10:52:15.000000000','RR/MM/DD HH24:MI:SSXFF'),to_timestamp('21/02/01 10:52:15.000000000','RR/MM/DD HH24:MI:SSXFF'));
Insert into XE.TBL_MEMBER (USER_ID,USER_PW,USER_NAME,EMAIL,POINT,ENABLED,LEVELS,REG_DATE,UPDATE_DATE) values ('user70','$2a$10$kIqR/PTloYan/MRNiEsy6uYO6OCHVmAKR4kflVKQkJ345nqTiuGeO','사용자',null,null,1,'ROLE_USER',to_timestamp('21/02/01 10:52:16.000000000','RR/MM/DD HH24:MI:SSXFF'),to_timestamp('21/02/01 10:52:16.000000000','RR/MM/DD HH24:MI:SSXFF'));
Insert into XE.TBL_MEMBER (USER_ID,USER_PW,USER_NAME,EMAIL,POINT,ENABLED,LEVELS,REG_DATE,UPDATE_DATE) values ('user71','$2a$10$kIqR/PTloYan/MRNiEsy6uYO6OCHVmAKR4kflVKQkJ345nqTiuGeO','사용자',null,null,1,'ROLE_USER',to_timestamp('21/02/01 10:52:17.000000000','RR/MM/DD HH24:MI:SSXFF'),to_timestamp('21/02/01 10:52:17.000000000','RR/MM/DD HH24:MI:SSXFF'));
Insert into XE.TBL_MEMBER (USER_ID,USER_PW,USER_NAME,EMAIL,POINT,ENABLED,LEVELS,REG_DATE,UPDATE_DATE) values ('user72','$2a$10$kIqR/PTloYan/MRNiEsy6uYO6OCHVmAKR4kflVKQkJ345nqTiuGeO','사용자',null,null,1,'ROLE_USER',to_timestamp('21/02/01 10:52:18.000000000','RR/MM/DD HH24:MI:SSXFF'),to_timestamp('21/02/01 10:52:18.000000000','RR/MM/DD HH24:MI:SSXFF'));
Insert into XE.TBL_MEMBER (USER_ID,USER_PW,USER_NAME,EMAIL,POINT,ENABLED,LEVELS,REG_DATE,UPDATE_DATE) values ('user73','$2a$10$kIqR/PTloYan/MRNiEsy6uYO6OCHVmAKR4kflVKQkJ345nqTiuGeO','사용자',null,null,1,'ROLE_USER',to_timestamp('21/02/01 10:52:19.000000000','RR/MM/DD HH24:MI:SSXFF'),to_timestamp('21/02/01 10:52:19.000000000','RR/MM/DD HH24:MI:SSXFF'));
Insert into XE.TBL_MEMBER (USER_ID,USER_PW,USER_NAME,EMAIL,POINT,ENABLED,LEVELS,REG_DATE,UPDATE_DATE) values ('user74','$2a$10$kIqR/PTloYan/MRNiEsy6uYO6OCHVmAKR4kflVKQkJ345nqTiuGeO','사용자',null,null,1,'ROLE_USER',to_timestamp('21/02/01 10:52:20.000000000','RR/MM/DD HH24:MI:SSXFF'),to_timestamp('21/02/01 10:52:20.000000000','RR/MM/DD HH24:MI:SSXFF'));
Insert into XE.TBL_MEMBER (USER_ID,USER_PW,USER_NAME,EMAIL,POINT,ENABLED,LEVELS,REG_DATE,UPDATE_DATE) values ('user75','$2a$10$kIqR/PTloYan/MRNiEsy6uYO6OCHVmAKR4kflVKQkJ345nqTiuGeO','사용자',null,null,1,'ROLE_USER',to_timestamp('21/02/01 10:52:21.000000000','RR/MM/DD HH24:MI:SSXFF'),to_timestamp('21/02/01 10:52:21.000000000','RR/MM/DD HH24:MI:SSXFF'));
Insert into XE.TBL_MEMBER (USER_ID,USER_PW,USER_NAME,EMAIL,POINT,ENABLED,LEVELS,REG_DATE,UPDATE_DATE) values ('user76','$2a$10$kIqR/PTloYan/MRNiEsy6uYO6OCHVmAKR4kflVKQkJ345nqTiuGeO','사용자',null,null,1,'ROLE_USER',to_timestamp('21/02/01 10:52:22.000000000','RR/MM/DD HH24:MI:SSXFF'),to_timestamp('21/02/01 10:52:22.000000000','RR/MM/DD HH24:MI:SSXFF'));
Insert into XE.TBL_MEMBER (USER_ID,USER_PW,USER_NAME,EMAIL,POINT,ENABLED,LEVELS,REG_DATE,UPDATE_DATE) values ('user77','$2a$10$kIqR/PTloYan/MRNiEsy6uYO6OCHVmAKR4kflVKQkJ345nqTiuGeO','사용자',null,null,1,'ROLE_USER',to_timestamp('21/02/01 10:52:23.000000000','RR/MM/DD HH24:MI:SSXFF'),to_timestamp('21/02/01 10:52:23.000000000','RR/MM/DD HH24:MI:SSXFF'));
Insert into XE.TBL_MEMBER (USER_ID,USER_PW,USER_NAME,EMAIL,POINT,ENABLED,LEVELS,REG_DATE,UPDATE_DATE) values ('user78','$2a$10$kIqR/PTloYan/MRNiEsy6uYO6OCHVmAKR4kflVKQkJ345nqTiuGeO','사용자',null,null,1,'ROLE_USER',to_timestamp('21/02/01 10:52:24.000000000','RR/MM/DD HH24:MI:SSXFF'),to_timestamp('21/02/01 10:52:24.000000000','RR/MM/DD HH24:MI:SSXFF'));
Insert into XE.TBL_MEMBER (USER_ID,USER_PW,USER_NAME,EMAIL,POINT,ENABLED,LEVELS,REG_DATE,UPDATE_DATE) values ('user79','$2a$10$kIqR/PTloYan/MRNiEsy6uYO6OCHVmAKR4kflVKQkJ345nqTiuGeO','사용자',null,null,1,'ROLE_USER',to_timestamp('21/02/01 10:52:25.000000000','RR/MM/DD HH24:MI:SSXFF'),to_timestamp('21/02/01 10:52:25.000000000','RR/MM/DD HH24:MI:SSXFF'));
Insert into XE.TBL_MEMBER (USER_ID,USER_PW,USER_NAME,EMAIL,POINT,ENABLED,LEVELS,REG_DATE,UPDATE_DATE) values ('user80','$2a$10$kIqR/PTloYan/MRNiEsy6uYO6OCHVmAKR4kflVKQkJ345nqTiuGeO','사용자',null,null,1,'ROLE_USER',to_timestamp('21/02/01 10:52:26.000000000','RR/MM/DD HH24:MI:SSXFF'),to_timestamp('21/02/01 10:52:26.000000000','RR/MM/DD HH24:MI:SSXFF'));
Insert into XE.TBL_MEMBER (USER_ID,USER_PW,USER_NAME,EMAIL,POINT,ENABLED,LEVELS,REG_DATE,UPDATE_DATE) values ('user81','$2a$10$kIqR/PTloYan/MRNiEsy6uYO6OCHVmAKR4kflVKQkJ345nqTiuGeO','사용자',null,null,1,'ROLE_USER',to_timestamp('21/02/01 10:52:27.000000000','RR/MM/DD HH24:MI:SSXFF'),to_timestamp('21/02/01 10:52:27.000000000','RR/MM/DD HH24:MI:SSXFF'));
Insert into XE.TBL_MEMBER (USER_ID,USER_PW,USER_NAME,EMAIL,POINT,ENABLED,LEVELS,REG_DATE,UPDATE_DATE) values ('user82','$2a$10$kIqR/PTloYan/MRNiEsy6uYO6OCHVmAKR4kflVKQkJ345nqTiuGeO','사용자',null,null,1,'ROLE_USER',to_timestamp('21/02/01 10:52:28.000000000','RR/MM/DD HH24:MI:SSXFF'),to_timestamp('21/02/01 10:52:28.000000000','RR/MM/DD HH24:MI:SSXFF'));
Insert into XE.TBL_MEMBER (USER_ID,USER_PW,USER_NAME,EMAIL,POINT,ENABLED,LEVELS,REG_DATE,UPDATE_DATE) values ('user83','$2a$10$kIqR/PTloYan/MRNiEsy6uYO6OCHVmAKR4kflVKQkJ345nqTiuGeO','사용자',null,null,1,'ROLE_USER',to_timestamp('21/02/01 10:52:29.000000000','RR/MM/DD HH24:MI:SSXFF'),to_timestamp('21/02/01 10:52:29.000000000','RR/MM/DD HH24:MI:SSXFF'));
Insert into XE.TBL_MEMBER (USER_ID,USER_PW,USER_NAME,EMAIL,POINT,ENABLED,LEVELS,REG_DATE,UPDATE_DATE) values ('user84','$2a$10$kIqR/PTloYan/MRNiEsy6uYO6OCHVmAKR4kflVKQkJ345nqTiuGeO','사용자',null,null,1,'ROLE_USER',to_timestamp('21/02/01 10:52:30.000000000','RR/MM/DD HH24:MI:SSXFF'),to_timestamp('21/02/01 10:52:30.000000000','RR/MM/DD HH24:MI:SSXFF'));
Insert into XE.TBL_MEMBER (USER_ID,USER_PW,USER_NAME,EMAIL,POINT,ENABLED,LEVELS,REG_DATE,UPDATE_DATE) values ('user85','$2a$10$kIqR/PTloYan/MRNiEsy6uYO6OCHVmAKR4kflVKQkJ345nqTiuGeO','사용자',null,null,1,'ROLE_USER',to_timestamp('21/02/01 10:52:31.000000000','RR/MM/DD HH24:MI:SSXFF'),to_timestamp('21/02/01 10:52:31.000000000','RR/MM/DD HH24:MI:SSXFF'));
Insert into XE.TBL_MEMBER (USER_ID,USER_PW,USER_NAME,EMAIL,POINT,ENABLED,LEVELS,REG_DATE,UPDATE_DATE) values ('user86','$2a$10$kIqR/PTloYan/MRNiEsy6uYO6OCHVmAKR4kflVKQkJ345nqTiuGeO','사용자',null,null,1,'ROLE_USER',to_timestamp('21/02/01 10:52:32.000000000','RR/MM/DD HH24:MI:SSXFF'),to_timestamp('21/02/01 10:52:32.000000000','RR/MM/DD HH24:MI:SSXFF'));
Insert into XE.TBL_MEMBER (USER_ID,USER_PW,USER_NAME,EMAIL,POINT,ENABLED,LEVELS,REG_DATE,UPDATE_DATE) values ('user87','$2a$10$kIqR/PTloYan/MRNiEsy6uYO6OCHVmAKR4kflVKQkJ345nqTiuGeO','사용자',null,null,1,'ROLE_USER',to_timestamp('21/02/01 10:52:33.000000000','RR/MM/DD HH24:MI:SSXFF'),to_timestamp('21/02/01 10:52:33.000000000','RR/MM/DD HH24:MI:SSXFF'));
Insert into XE.TBL_MEMBER (USER_ID,USER_PW,USER_NAME,EMAIL,POINT,ENABLED,LEVELS,REG_DATE,UPDATE_DATE) values ('user88','$2a$10$kIqR/PTloYan/MRNiEsy6uYO6OCHVmAKR4kflVKQkJ345nqTiuGeO','사용자',null,null,1,'ROLE_USER',to_timestamp('21/02/01 10:52:34.000000000','RR/MM/DD HH24:MI:SSXFF'),to_timestamp('21/02/01 10:52:34.000000000','RR/MM/DD HH24:MI:SSXFF'));
Insert into XE.TBL_MEMBER (USER_ID,USER_PW,USER_NAME,EMAIL,POINT,ENABLED,LEVELS,REG_DATE,UPDATE_DATE) values ('user89','$2a$10$kIqR/PTloYan/MRNiEsy6uYO6OCHVmAKR4kflVKQkJ345nqTiuGeO','사용자',null,null,1,'ROLE_USER',to_timestamp('21/02/01 10:52:35.000000000','RR/MM/DD HH24:MI:SSXFF'),to_timestamp('21/02/01 10:52:35.000000000','RR/MM/DD HH24:MI:SSXFF'));
Insert into XE.TBL_MEMBER (USER_ID,USER_PW,USER_NAME,EMAIL,POINT,ENABLED,LEVELS,REG_DATE,UPDATE_DATE) values ('user90','$2a$10$kIqR/PTloYan/MRNiEsy6uYO6OCHVmAKR4kflVKQkJ345nqTiuGeO','사용자',null,null,1,'ROLE_USER',to_timestamp('21/02/01 10:52:36.000000000','RR/MM/DD HH24:MI:SSXFF'),to_timestamp('21/02/01 10:52:36.000000000','RR/MM/DD HH24:MI:SSXFF'));
Insert into XE.TBL_MEMBER (USER_ID,USER_PW,USER_NAME,EMAIL,POINT,ENABLED,LEVELS,REG_DATE,UPDATE_DATE) values ('user91','$2a$10$kIqR/PTloYan/MRNiEsy6uYO6OCHVmAKR4kflVKQkJ345nqTiuGeO','사용자',null,null,1,'ROLE_USER',to_timestamp('21/02/01 10:52:37.000000000','RR/MM/DD HH24:MI:SSXFF'),to_timestamp('21/02/01 10:52:37.000000000','RR/MM/DD HH24:MI:SSXFF'));
Insert into XE.TBL_MEMBER (USER_ID,USER_PW,USER_NAME,EMAIL,POINT,ENABLED,LEVELS,REG_DATE,UPDATE_DATE) values ('user92','$2a$10$kIqR/PTloYan/MRNiEsy6uYO6OCHVmAKR4kflVKQkJ345nqTiuGeO','사용자',null,null,1,'ROLE_USER',to_timestamp('21/02/01 10:52:38.000000000','RR/MM/DD HH24:MI:SSXFF'),to_timestamp('21/02/01 10:52:38.000000000','RR/MM/DD HH24:MI:SSXFF'));
Insert into XE.TBL_MEMBER (USER_ID,USER_PW,USER_NAME,EMAIL,POINT,ENABLED,LEVELS,REG_DATE,UPDATE_DATE) values ('user93','$2a$10$kIqR/PTloYan/MRNiEsy6uYO6OCHVmAKR4kflVKQkJ345nqTiuGeO','사용자',null,null,1,'ROLE_USER',to_timestamp('21/02/01 10:52:39.000000000','RR/MM/DD HH24:MI:SSXFF'),to_timestamp('21/02/01 10:52:39.000000000','RR/MM/DD HH24:MI:SSXFF'));
Insert into XE.TBL_MEMBER (USER_ID,USER_PW,USER_NAME,EMAIL,POINT,ENABLED,LEVELS,REG_DATE,UPDATE_DATE) values ('user94','$2a$10$kIqR/PTloYan/MRNiEsy6uYO6OCHVmAKR4kflVKQkJ345nqTiuGeO','사용자',null,null,1,'ROLE_USER',to_timestamp('21/02/01 10:52:40.000000000','RR/MM/DD HH24:MI:SSXFF'),to_timestamp('21/02/01 10:52:40.000000000','RR/MM/DD HH24:MI:SSXFF'));
Insert into XE.TBL_MEMBER (USER_ID,USER_PW,USER_NAME,EMAIL,POINT,ENABLED,LEVELS,REG_DATE,UPDATE_DATE) values ('user95','$2a$10$kIqR/PTloYan/MRNiEsy6uYO6OCHVmAKR4kflVKQkJ345nqTiuGeO','사용자',null,null,1,'ROLE_USER',to_timestamp('21/02/01 10:52:41.000000000','RR/MM/DD HH24:MI:SSXFF'),to_timestamp('21/02/01 10:52:41.000000000','RR/MM/DD HH24:MI:SSXFF'));
Insert into XE.TBL_MEMBER (USER_ID,USER_PW,USER_NAME,EMAIL,POINT,ENABLED,LEVELS,REG_DATE,UPDATE_DATE) values ('user96','$2a$10$kIqR/PTloYan/MRNiEsy6uYO6OCHVmAKR4kflVKQkJ345nqTiuGeO','사용자',null,null,1,'ROLE_USER',to_timestamp('21/02/01 10:52:42.000000000','RR/MM/DD HH24:MI:SSXFF'),to_timestamp('21/02/01 10:52:42.000000000','RR/MM/DD HH24:MI:SSXFF'));
Insert into XE.TBL_MEMBER (USER_ID,USER_PW,USER_NAME,EMAIL,POINT,ENABLED,LEVELS,REG_DATE,UPDATE_DATE) values ('user97','$2a$10$kIqR/PTloYan/MRNiEsy6uYO6OCHVmAKR4kflVKQkJ345nqTiuGeO','사용자',null,null,1,'ROLE_USER',to_timestamp('21/02/01 10:52:43.000000000','RR/MM/DD HH24:MI:SSXFF'),to_timestamp('21/02/01 10:52:43.000000000','RR/MM/DD HH24:MI:SSXFF'));
Insert into XE.TBL_MEMBER (USER_ID,USER_PW,USER_NAME,EMAIL,POINT,ENABLED,LEVELS,REG_DATE,UPDATE_DATE) values ('user98','$2a$10$kIqR/PTloYan/MRNiEsy6uYO6OCHVmAKR4kflVKQkJ345nqTiuGeO','사용자',null,null,1,'ROLE_USER',to_timestamp('21/02/01 10:52:44.000000000','RR/MM/DD HH24:MI:SSXFF'),to_timestamp('21/02/01 10:52:44.000000000','RR/MM/DD HH24:MI:SSXFF'));
Insert into XE.TBL_MEMBER (USER_ID,USER_PW,USER_NAME,EMAIL,POINT,ENABLED,LEVELS,REG_DATE,UPDATE_DATE) values ('user99','$2a$10$kIqR/PTloYan/MRNiEsy6uYO6OCHVmAKR4kflVKQkJ345nqTiuGeO','사용자',null,null,1,'ROLE_USER',to_timestamp('21/02/01 10:52:45.000000000','RR/MM/DD HH24:MI:SSXFF'),to_timestamp('21/02/01 10:52:45.000000000','RR/MM/DD HH24:MI:SSXFF'));
Insert into XE.TBL_MEMBER (USER_ID,USER_PW,USER_NAME,EMAIL,POINT,ENABLED,LEVELS,REG_DATE,UPDATE_DATE) values ('admin','$2a$10$kIqR/PTloYan/MRNiEsy6uYO6OCHVmAKR4kflVKQkJ345nqTiuGeO','관리자',null,null,1,'ROLE_ADMIN',to_timestamp('21/02/01 10:52:46.000000000','RR/MM/DD HH24:MI:SSXFF'),to_timestamp('21/02/01 10:52:46.000000000','RR/MM/DD HH24:MI:SSXFF'));
REM INSERTING into XE.TBL_REPLY
SET DEFINE OFF;
--------------------------------------------------------
--  DDL for Index TBL_ATTACH_PK
--------------------------------------------------------

  CREATE UNIQUE INDEX "XE"."TBL_ATTACH_PK" ON "XE"."TBL_ATTACH" ("SAVE_FILE_NAME") 
  PCTFREE 10 INITRANS 2 MAXTRANS 255 COMPUTE STATISTICS 
  STORAGE(INITIAL 65536 NEXT 1048576 MINEXTENTS 1 MAXEXTENTS 2147483645
  PCTINCREASE 0 FREELISTS 1 FREELIST GROUPS 1 BUFFER_POOL DEFAULT FLASH_CACHE DEFAULT CELL_FLASH_CACHE DEFAULT)
  TABLESPACE "USERS" ;
--------------------------------------------------------
--  DDL for Index TBL_BOARD_PK
--------------------------------------------------------

  CREATE UNIQUE INDEX "XE"."TBL_BOARD_PK" ON "XE"."TBL_BOARD" ("BNO") 
  PCTFREE 10 INITRANS 2 MAXTRANS 255 COMPUTE STATISTICS 
  STORAGE(INITIAL 65536 NEXT 1048576 MINEXTENTS 1 MAXEXTENTS 2147483645
  PCTINCREASE 0 FREELISTS 1 FREELIST GROUPS 1 BUFFER_POOL DEFAULT FLASH_CACHE DEFAULT CELL_FLASH_CACHE DEFAULT)
  TABLESPACE "USERS" ;
--------------------------------------------------------
--  DDL for Index TBL_BOARD_TYPE_PK
--------------------------------------------------------

  CREATE UNIQUE INDEX "XE"."TBL_BOARD_TYPE_PK" ON "XE"."TBL_BOARD_TYPE" ("BOARD_TYPE") 
  PCTFREE 10 INITRANS 2 MAXTRANS 255 COMPUTE STATISTICS 
  STORAGE(INITIAL 65536 NEXT 1048576 MINEXTENTS 1 MAXEXTENTS 2147483645
  PCTINCREASE 0 FREELISTS 1 FREELIST GROUPS 1 BUFFER_POOL DEFAULT FLASH_CACHE DEFAULT CELL_FLASH_CACHE DEFAULT)
  TABLESPACE "USERS" ;
--------------------------------------------------------
--  DDL for Index TBL_MEMBER_PK
--------------------------------------------------------

  CREATE UNIQUE INDEX "XE"."TBL_MEMBER_PK" ON "XE"."TBL_MEMBER" ("USER_ID") 
  PCTFREE 10 INITRANS 2 MAXTRANS 255 COMPUTE STATISTICS 
  STORAGE(INITIAL 65536 NEXT 1048576 MINEXTENTS 1 MAXEXTENTS 2147483645
  PCTINCREASE 0 FREELISTS 1 FREELIST GROUPS 1 BUFFER_POOL DEFAULT FLASH_CACHE DEFAULT CELL_FLASH_CACHE DEFAULT)
  TABLESPACE "USERS" ;
--------------------------------------------------------
--  DDL for Index TBL_REPLY_PK
--------------------------------------------------------

  CREATE UNIQUE INDEX "XE"."TBL_REPLY_PK" ON "XE"."TBL_REPLY" ("RNO") 
  PCTFREE 10 INITRANS 2 MAXTRANS 255 COMPUTE STATISTICS 
  STORAGE(INITIAL 65536 NEXT 1048576 MINEXTENTS 1 MAXEXTENTS 2147483645
  PCTINCREASE 0 FREELISTS 1 FREELIST GROUPS 1 BUFFER_POOL DEFAULT FLASH_CACHE DEFAULT CELL_FLASH_CACHE DEFAULT)
  TABLESPACE "USERS" ;
--------------------------------------------------------
--  DDL for Procedure PROC_BOARD_INSERT
--------------------------------------------------------
set define off;

  CREATE OR REPLACE PROCEDURE "XE"."PROC_BOARD_INSERT" 
(
  P_COUNT IN NUMBER 
) AS 
BEGIN
  -- 자식 테이블 삭제: DELETE FROM TBL_ATTACH WHERE 1=1;
  -- 위에 이어서 DELETE FROM TBL_REPLY WHERE 1=1;
  -- 위에 이어서 DELETE FROM TBL_BOARD WHERE 1=1;
  -- 시퀀스 초기화: 시퀀스 편집에서 시작 1 지정 후 저장
  -- 실행 방법: 쿼리 에디터에서 CALL PROC_BOARD_INSERT(100);
  FOR cnt IN 1..P_COUNT LOOP
    IF(cnt <= (P_COUNT/2)) THEN
         INSERT INTO TBL_BOARD
         (bno,board_type,title,content,writer,reg_date,update_date)
         VALUES
         (SEQ_BNO.nextval,'notice','공지사항 게시물 테스트','게시물 내용 테스트','관리자',SYSDATE+(1/24/60/60)*cnt,SYSDATE+(1/24/60/60)*cnt);
    ELSE
         INSERT INTO TBL_BOARD
         (bno,board_type,title,content,writer,reg_date,update_date)
         VALUES
         (SEQ_BNO.nextval,'gallery','갤러리 게시물 테스트','게시물 내용 테스트','관리자',SYSDATE+(1/24/60/60)*cnt,SYSDATE+(1/24/60/60)*cnt);
    END IF;
  END LOOP;
 commit;
END PROC_BOARD_INSERT;

/
--------------------------------------------------------
--  DDL for Procedure PROC_MEMBER_INSERT
--------------------------------------------------------
set define off;

  CREATE OR REPLACE PROCEDURE "XE"."PROC_MEMBER_INSERT" 
(
  P_COUNT IN NUMBER
) AS 
  -- V_USER varchar2(20):='user';
BEGIN
  -- DELETE FROM TBL_MEMBER WHERE 1=1;
  -- 실행 방법: CALL PROC_MEMBER_INSERT(50,'ROLE_ADMIN');
  FOR cnt IN 1..P_COUNT LOOP
    IF(cnt = P_COUNT) THEN
        INSERT INTO TBL_MEMBER
        (user_id,user_pw,user_name,enabled,levels,reg_date,update_date)
        VALUES
        ('admin' ,'$2a$10$kIqR/PTloYan/MRNiEsy6uYO6OCHVmAKR4kflVKQkJ345nqTiuGeO'
        ,'관리자',1,'ROLE_ADMIN',sysdate+(1/24/60/60)*cnt,sysdate+(1/24/60/60)*cnt);
    ELSE
        INSERT INTO TBL_MEMBER
        (user_id,user_pw,user_name,enabled,levels,reg_date,update_date)
        VALUES
        (concat('user',cnt),'$2a$10$kIqR/PTloYan/MRNiEsy6uYO6OCHVmAKR4kflVKQkJ345nqTiuGeO',
        '사용자',1,'ROLE_USER',sysdate+(1/24/60/60)*cnt,sysdate+(1/24/60/60)*cnt);
    END IF;
  END LOOP;
 commit;
END PROC_MEMBER_INSERT;

/
--------------------------------------------------------
--  DDL for Function CUSTOM_AUTH
--------------------------------------------------------

  CREATE OR REPLACE FUNCTION "XE"."CUSTOM_AUTH" (p_username in VARCHAR2, p_password in VARCHAR2)
return BOOLEAN
is
  l_password varchar2(4000);
  l_stored_password varchar2(4000);
  l_expires_on date;
  l_count number;
begin
-- First, check to see if the user is in the user table
select count(*) into l_count from demo_users where user_name = p_username;
if l_count > 0 then
  -- First, we fetch the stored hashed password & expire date
  select password, expires_on into l_stored_password, l_expires_on
   from demo_users where user_name = p_username;

  -- Next, we check to see if the user's account is expired
  -- If it is, return FALSE
  if l_expires_on > sysdate or l_expires_on is null then

    -- If the account is not expired, we have to apply the custom hash
    -- function to the password
    l_password := custom_hash(p_username, p_password);

    -- Finally, we compare them to see if they are the same and return
    -- either TRUE or FALSE
    if l_password = l_stored_password then
      return true;
    else
      return false;
    end if;
  else
    return false;
  end if;
else
  -- The username provided is not in the DEMO_USERS table
  return false;
end if;
end;


/
--------------------------------------------------------
--  DDL for Function CUSTOM_HASH
--------------------------------------------------------

  CREATE OR REPLACE FUNCTION "XE"."CUSTOM_HASH" (p_username in varchar2, p_password in varchar2)
return varchar2
is
  l_password varchar2(4000);
  l_salt varchar2(4000) := 'QM40IHDF6TN3TFIKCFOROXMYKAISSB';
begin

-- This function should be wrapped, as the hash algorhythm is exposed here.
-- You can change the value of l_salt or the method of which to call the
-- DBMS_OBFUSCATOIN toolkit, but you much reset all of your passwords
-- if you choose to do this.

l_password := utl_raw.cast_to_raw(dbms_obfuscation_toolkit.md5
  (input_string => p_password || substr(l_salt,10,13) || p_username ||
    substr(l_salt, 4,10)));
return l_password;
end;


/
--------------------------------------------------------
--  Constraints for Table TBL_ATTACH
--------------------------------------------------------

  ALTER TABLE "XE"."TBL_ATTACH" MODIFY ("SAVE_FILE_NAME" NOT NULL ENABLE);
  ALTER TABLE "XE"."TBL_ATTACH" ADD CONSTRAINT "TBL_ATTACH_PK" PRIMARY KEY ("SAVE_FILE_NAME")
  USING INDEX PCTFREE 10 INITRANS 2 MAXTRANS 255 COMPUTE STATISTICS 
  STORAGE(INITIAL 65536 NEXT 1048576 MINEXTENTS 1 MAXEXTENTS 2147483645
  PCTINCREASE 0 FREELISTS 1 FREELIST GROUPS 1 BUFFER_POOL DEFAULT FLASH_CACHE DEFAULT CELL_FLASH_CACHE DEFAULT)
  TABLESPACE "USERS"  ENABLE;
--------------------------------------------------------
--  Constraints for Table TBL_BOARD
--------------------------------------------------------

  ALTER TABLE "XE"."TBL_BOARD" MODIFY ("BNO" NOT NULL ENABLE);
  ALTER TABLE "XE"."TBL_BOARD" ADD CONSTRAINT "TBL_BOARD_PK" PRIMARY KEY ("BNO")
  USING INDEX PCTFREE 10 INITRANS 2 MAXTRANS 255 COMPUTE STATISTICS 
  STORAGE(INITIAL 65536 NEXT 1048576 MINEXTENTS 1 MAXEXTENTS 2147483645
  PCTINCREASE 0 FREELISTS 1 FREELIST GROUPS 1 BUFFER_POOL DEFAULT FLASH_CACHE DEFAULT CELL_FLASH_CACHE DEFAULT)
  TABLESPACE "USERS"  ENABLE;
--------------------------------------------------------
--  Constraints for Table TBL_BOARD_TYPE
--------------------------------------------------------

  ALTER TABLE "XE"."TBL_BOARD_TYPE" MODIFY ("BOARD_TYPE" NOT NULL ENABLE);
  ALTER TABLE "XE"."TBL_BOARD_TYPE" MODIFY ("BOARD_NAME" NOT NULL ENABLE);
  ALTER TABLE "XE"."TBL_BOARD_TYPE" ADD CONSTRAINT "TBL_BOARD_TYPE_PK" PRIMARY KEY ("BOARD_TYPE")
  USING INDEX PCTFREE 10 INITRANS 2 MAXTRANS 255 COMPUTE STATISTICS 
  STORAGE(INITIAL 65536 NEXT 1048576 MINEXTENTS 1 MAXEXTENTS 2147483645
  PCTINCREASE 0 FREELISTS 1 FREELIST GROUPS 1 BUFFER_POOL DEFAULT FLASH_CACHE DEFAULT CELL_FLASH_CACHE DEFAULT)
  TABLESPACE "USERS"  ENABLE;
--------------------------------------------------------
--  Constraints for Table TBL_MEMBER
--------------------------------------------------------

  ALTER TABLE "XE"."TBL_MEMBER" MODIFY ("USER_ID" NOT NULL ENABLE);
  ALTER TABLE "XE"."TBL_MEMBER" ADD CONSTRAINT "TBL_MEMBER_PK" PRIMARY KEY ("USER_ID")
  USING INDEX PCTFREE 10 INITRANS 2 MAXTRANS 255 COMPUTE STATISTICS 
  STORAGE(INITIAL 65536 NEXT 1048576 MINEXTENTS 1 MAXEXTENTS 2147483645
  PCTINCREASE 0 FREELISTS 1 FREELIST GROUPS 1 BUFFER_POOL DEFAULT FLASH_CACHE DEFAULT CELL_FLASH_CACHE DEFAULT)
  TABLESPACE "USERS"  ENABLE;
--------------------------------------------------------
--  Constraints for Table TBL_REPLY
--------------------------------------------------------

  ALTER TABLE "XE"."TBL_REPLY" MODIFY ("RNO" NOT NULL ENABLE);
  ALTER TABLE "XE"."TBL_REPLY" ADD CONSTRAINT "TBL_REPLY_PK" PRIMARY KEY ("RNO")
  USING INDEX PCTFREE 10 INITRANS 2 MAXTRANS 255 COMPUTE STATISTICS 
  STORAGE(INITIAL 65536 NEXT 1048576 MINEXTENTS 1 MAXEXTENTS 2147483645
  PCTINCREASE 0 FREELISTS 1 FREELIST GROUPS 1 BUFFER_POOL DEFAULT FLASH_CACHE DEFAULT CELL_FLASH_CACHE DEFAULT)
  TABLESPACE "USERS"  ENABLE;
--------------------------------------------------------
--  Ref Constraints for Table TBL_ATTACH
--------------------------------------------------------

  ALTER TABLE "XE"."TBL_ATTACH" ADD CONSTRAINT "TBL_ATTACH_TBL_BOARD_FK" FOREIGN KEY ("BNO")
	  REFERENCES "XE"."TBL_BOARD" ("BNO") ENABLE;
--------------------------------------------------------
--  Ref Constraints for Table TBL_REPLY
--------------------------------------------------------

  ALTER TABLE "XE"."TBL_REPLY" ADD CONSTRAINT "TBL_REPLY_TBL_BOARD_FK" FOREIGN KEY ("BNO")
	  REFERENCES "XE"."TBL_BOARD" ("BNO") ENABLE;
